[2026-03-04 10:55:49] local.ERROR: str_replace() expects at least 3 arguments, 2 given {"exception":"[object] (ArgumentCountError(code: 0): str_replace() expects at least 3 arguments, 2 given at C:/Users/ahsan/Desktop/chat-app-laravel-project-stages/chat-app-laravel-project-stages/app/Http/Middleware/auth/CheckTokenMiddleware.php:37)
[stacktrace]
#0 C:/Users/ahsan/Desktop/chat-app-laravel-project-stages/chat-app-laravel-project-stages/app/Http/Middleware/auth/CheckTokenMiddleware.php(37): str_replace('', 'Bearer jRkTeRUd...')
#1 C:/Users/ahsan/Desktop/chat-app-laravel-project-stages/chat-app-laravel-project-stages/vendor/laravel/framework/src/Illuminate/Pipeline/Pipeline.php(219): App/Http/Middleware/auth/CheckTokenMiddleware->handle(Object(Illuminate/Http/Request), Object(Closure))
#2 C:/Users/ahsan/Desktop/chat-app-laravel-project-stages/chat-app-laravel-project-stages/vendor/laravel/framework/src/Illuminate/Routing/Middleware/SubstituteBindings.php(50): Illuminate/Pipeline/Pipeline->Illuminate/Pipeline/{closure}(Object(Illuminate/Http/Request))
#3 C:/Users/ahsan/Desktop/chat-app-laravel-project-stages/chat-app-laravel-project-stages/vendor/laravel/framework/src/Illuminate/Pipeline/Pipeline.php(219): Illuminate/Routing/Middleware/SubstituteBindings->handle(Object(Illuminate/Http/Request), Object(Closure))
#4 C:/Users/ahsan/Desktop/chat-app-laravel-project-stages/chat-app-laravel-project-stages/vendor/laravel/framework/src/Illuminate/Pipeline/Pipeline.php(137): Illuminate/Pipeline/Pipeline->Illuminate/Pipeline/{closure}(Object(Illuminate/Http/Request))
#5 C:/Users/ahsan/Desktop/chat-app-laravel-project-stages/chat-app-laravel-project-stages/vendor/laravel/framework/src/Illuminate/Routing/Router.php(821): Illuminate/Pipeline/Pipeline->then(Object(Closure))
#6 C:/Users/ahsan/Desktop/chat-app-laravel-project-stages/chat-app-laravel-project-stages/vendor/laravel/framework/src/Illuminate/Routing/Router.php(800): Illuminate/Routing/Router->runRouteWithinStack(Object(Illuminate/Routing/Route), Object(Illuminate/Http/Request))
#7 C:/Users/ahsan/Desktop/chat-app-laravel-project-stages/chat-app-laravel-project-stages/vendor/laravel/framework/src/Illuminate/Routing/Router.php(764): Illuminate/Routing/Router->runRoute(Object(Illuminate/Http/Request), Object(Illuminate/Routing/Route))
#8 C:/Users/ahsan/Desktop/chat-app-laravel-project-stages/chat-app-laravel-project-stages/vendor/laravel/framework/src/Illuminate/Routing/Router.php(753): Illuminate/Routing/Router->dispatchToRoute(Object(Illuminate/Http/Request))
#9 C:/Users/ahsan/Desktop/chat-app-laravel-project-stages/chat-app-laravel-project-stages/vendor/laravel/framework/src/Illuminate/Foundation/Http/Kernel.php(200): Illuminate/Routing/Router->dispatch(Object(Illuminate/Http/Request))
#10 C:/Users/ahsan/Desktop/chat-app-laravel-project-stages/chat-app-laravel-project-stages/vendor/laravel/framework/src/Illuminate/Pipeline/Pipeline.php(180): Illuminate/Foundation/Http/Kernel->Illuminate/Foundation/Http/{closure}(Object(Illuminate/Http/Request))
#11 C:/Users/ahsan/Desktop/chat-app-laravel-project-stages/chat-app-laravel-project-stages/vendor/laravel/framework/src/Illuminate/Foundation/Http/Middleware/TransformsRequest.php(21): Illuminate/Pipeline/Pipeline->Illuminate/Pipeline/{closure}(Object(Illuminate/Http/Request))
#12 C:/Users/ahsan/Desktop/chat-app-laravel-project-stages/chat-app-laravel-project-stages/vendor/laravel/framework/src/Illuminate/Foundation/Http/Middleware/ConvertEmptyStringsToNull.php(31): Illuminate/Foundation/Http/Middleware/TransformsRequest->handle(Object(Illuminate/Http/Request), Object(Closure))
#13 C:/Users/ahsan/Desktop/chat-app-laravel-project-stages/chat-app-laravel-project-stages/vendor/laravel/framework/src/Illuminate/Pipeline/Pipeline.php(219): Illuminate/Foundation/Http/Middleware/ConvertEmptyStringsToNull->handle(Object(Illuminate/Http/Request), Object(Closure))
#14 C:/Users/ahsan/Desktop/chat-app-laravel-project-stages/chat-app-laravel-project-stages/vendor/laravel/framework/src/Illuminate/Foundation/Http/Middleware/TransformsRequest.php(21): Illuminate/Pipeline/Pipeline->Illuminate/Pipeline/{closure}(Object(Illuminate/Http/Request))
#15 C:/Users/ahsan/Desktop/chat-app-laravel-project-stages/chat-app-laravel-project-stages/vendor/laravel/framework/src/Illuminate/Foundation/Http/Middleware/TrimStrings.php(51): Illuminate/Foundation/Http/Middleware/TransformsRequest->handle(Object(Illuminate/Http/Request), Object(Closure))
#16 C:/Users/ahsan/Desktop/chat-app-laravel-project-stages/chat-app-laravel-project-stages/vendor/laravel/framework/src/Illuminate/Pipeline/Pipeline.php(219): Illuminate/Foundation/Http/Middleware/TrimStrings->handle(Object(Illuminate/Http/Request), Object(Closure))
#17 C:/Users/ahsan/Desktop/chat-app-laravel-project-stages/chat-app-laravel-project-stages/vendor/laravel/framework/src/Illuminate/Http/Middleware/ValidatePostSize.php(27): Illuminate/Pipeline/Pipeline->Illuminate/Pipeline/{closure}(Object(Illuminate/Http/Request))
#18 C:/Users/ahsan/Desktop/chat-app-laravel-project-stages/chat-app-laravel-project-stages/vendor/laravel/framework/src/Illuminate/Pipeline/Pipeline.php(219): Illuminate/Http/Middleware/ValidatePostSize->handle(Object(Illuminate/Http/Request), Object(Closure))
#19 C:/Users/ahsan/Desktop/chat-app-laravel-project-stages/chat-app-laravel-project-stages/vendor/laravel/framework/src/Illuminate/Foundation/Http/Middleware/PreventRequestsDuringMaintenance.php(109): Illuminate/Pipeline/Pipeline->Illuminate/Pipeline/{closure}(Object(Illuminate/Http/Request))
#20 C:/Users/ahsan/Desktop/chat-app-laravel-project-stages/chat-app-laravel-project-stages/vendor/laravel/framework/src/Illuminate/Pipeline/Pipeline.php(219): Illuminate/Foundation/Http/Middleware/PreventRequestsDuringMaintenance->handle(Object(Illuminate/Http/Request), Object(Closure))
#21 C:/Users/ahsan/Desktop/chat-app-laravel-project-stages/chat-app-laravel-project-stages/vendor/laravel/framework/src/Illuminate/Http/Middleware/HandleCors.php(74): Illuminate/Pipeline/Pipeline->Illuminate/Pipeline/{closure}(Object(Illuminate/Http/Request))
#22 C:/Users/ahsan/Desktop/chat-app-laravel-project-stages/chat-app-laravel-project-stages/vendor/laravel/framework/src/Illuminate/Pipeline/Pipeline.php(219): Illuminate/Http/Middleware/HandleCors->handle(Object(Illuminate/Http/Request), Object(Closure))
#23 C:/Users/ahsan/Desktop/chat-app-laravel-project-stages/chat-app-laravel-project-stages/vendor/laravel/framework/src/Illuminate/Http/Middleware/TrustProxies.php(58): Illuminate/Pipeline/Pipeline->Illuminate/Pipeline/{closure}(Object(Illuminate/Http/Request))
#24 C:/Users/ahsan/Desktop/chat-app-laravel-project-stages/chat-app-laravel-project-stages/vendor/laravel/framework/src/Illuminate/Pipeline/Pipeline.php(219): Illuminate/Http/Middleware/TrustProxies->handle(Object(Illuminate/Http/Request), Object(Closure))
#25 C:/Users/ahsan/Desktop/chat-app-laravel-project-stages/chat-app-laravel-project-stages/vendor/laravel/framework/src/Illuminate/Foundation/Http/Middleware/InvokeDeferredCallbacks.php(22): Illuminate/Pipeline/Pipeline->Illuminate/Pipeline/{closure}(Object(Illuminate/Http/Request))
#26 C:/Users/ahsan/Desktop/chat-app-laravel-project-stages/chat-app-laravel-project-stages/vendor/laravel/framework/src/Illuminate/Pipeline/Pipeline.php(219): Illuminate/Foundation/Http/Middleware/InvokeDeferredCallbacks->handle(Object(Illuminate/Http/Request), Object(Closure))
#27 C:/Users/ahsan/Desktop/chat-app-laravel-project-stages/chat-app-laravel-project-stages/vendor/laravel/framework/src/Illuminate/Http/Middleware/ValidatePathEncoding.php(26): Illuminate/Pipeline/Pipeline->Illuminate/Pipeline/{closure}(Object(Illuminate/Http/Request))
#28 C:/Users/ahsan/Desktop/chat-app-laravel-project-stages/chat-app-laravel-project-stages/vendor/laravel/framework/src/Illuminate/Pipeline/Pipeline.php(219): Illuminate/Http/Middleware/ValidatePathEncoding->handle(Object(Illuminate/Http/Request), Object(Closure))
#29 C:/Users/ahsan/Desktop/chat-app-laravel-project-stages/chat-app-laravel-project-stages/vendor/laravel/framework/src/Illuminate/Pipeline/Pipeline.php(137): Illuminate/Pipeline/Pipeline->Illuminate/Pipeline/{closure}(Object(Illuminate/Http/Request))
#30 C:/Users/ahsan/Desktop/chat-app-laravel-project-stages/chat-app-laravel-project-stages/vendor/laravel/framework/src/Illuminate/Foundation/Http/Kernel.php(175): Illuminate/Pipeline/Pipeline->then(Object(Closure))
#31 C:/Users/ahsan/Desktop/chat-app-laravel-project-stages/chat-app-laravel-project-stages/vendor/laravel/framework/src/Illuminate/Foundation/Http/Kernel.php(144): Illuminate/Foundation/Http/Kernel->sendRequestThroughRouter(Object(Illuminate/Http/Request))
#32 C:/Users/ahsan/Desktop/chat-app-laravel-project-stages/chat-app-laravel-project-stages/vendor/laravel/framework/src/Illuminate/Foundation/Application.php(1220): Illuminate/Foundation/Http/Kernel->handle(Object(Illuminate/Http/Request))
#33 C:/Users/ahsan/Desktop/chat-app-laravel-project-stages/chat-app-laravel-project-stages/public/index.php(20): Illuminate/Foundation/Application->handleRequest(Object(Illuminate/Http/Request))
#34 C:/Users/ahsan/Desktop/chat-app-laravel-project-stages/chat-app-laravel-project-stages/vendor/laravel/framework/src/Illuminate/Foundation/resources/server.php(23): require_once('C://Users//ahsan//...')
#35 {main}
"} 
[2026-03-04 10:57:53] local.ERROR: Target class [App\Http\Requests\Team\CreateTeamRequest] does not exist. {"exception":"[object] (Illuminate\\Contracts\\Container\\BindingResolutionException(code: 0): Target class [App\\Http\\Requests\\Team\\CreateTeamRequest] does not exist. at C:/Users/ahsan/Desktop/chat-app-laravel-project-stages/chat-app-laravel-project-stages/vendor/laravel/framework/src/Illuminate/Container/Container.php:1124)
[stacktrace]
#0 C:/Users/ahsan/Desktop/chat-app-laravel-project-stages/chat-app-laravel-project-stages/vendor/laravel/framework/src/Illuminate/Container/Container.php(933): Illuminate/Container/Container->build('App//Http//Reques...')
#1 C:/Users/ahsan/Desktop/chat-app-laravel-project-stages/chat-app-laravel-project-stages/vendor/laravel/framework/src/Illuminate/Foundation/Application.php(1078): Illuminate/Container/Container->resolve('App//Http//Reques...', Array, true)
#2 C:/Users/ahsan/Desktop/chat-app-laravel-project-stages/chat-app-laravel-project-stages/vendor/laravel/framework/src/Illuminate/Container/Container.php(864): Illuminate/Foundation/Application->resolve('App//Http//Reques...', Array)
#3 C:/Users/ahsan/Desktop/chat-app-laravel-project-stages/chat-app-laravel-project-stages/vendor/laravel/framework/src/Illuminate/Foundation/Application.php(1058): Illuminate/Container/Container->make('App//Http//Reques...', Array)
#4 C:/Users/ahsan/Desktop/chat-app-laravel-project-stages/chat-app-laravel-project-stages/vendor/laravel/framework/src/Illuminate/Foundation/helpers.php(138): Illuminate/Foundation/Application->make('App//Http//Reques...', Array)
#5 C:/Users/ahsan/Desktop/chat-app-laravel-project-stages/chat-app-laravel-project-stages/app/Http/Middleware/CheckValidationMiddleware.php(67): app('App//Http//Reques...')
#6 C:/Users/ahsan/Desktop/chat-app-laravel-project-stages/chat-app-laravel-project-stages/vendor/laravel/framework/src/Illuminate/Pipeline/Pipeline.php(219): App/Http/Middleware/CheckValidationMiddleware->handle(Object(Illuminate/Http/Request), Object(Closure), 'CreateTeamReque...')
#7 C:/Users/ahsan/Desktop/chat-app-laravel-project-stages/chat-app-laravel-project-stages/app/Http/Middleware/auth/CheckActiveMiddleware.php(32): Illuminate/Pipeline/Pipeline->Illuminate/Pipeline/{closure}(Object(Illuminate/Http/Request))
#8 C:/Users/ahsan/Desktop/chat-app-laravel-project-stages/chat-app-laravel-project-stages/vendor/laravel/framework/src/Illuminate/Pipeline/Pipeline.php(219): App/Http/Middleware/auth/CheckActiveMiddleware->handle(Object(Illuminate/Http/Request), Object(Closure))
#9 C:/Users/ahsan/Desktop/chat-app-laravel-project-stages/chat-app-laravel-project-stages/app/Http/Middleware/auth/CheckTokenMiddleware.php(102): Illuminate/Pipeline/Pipeline->Illuminate/Pipeline/{closure}(Object(Illuminate/Http/Request))
#10 C:/Users/ahsan/Desktop/chat-app-laravel-project-stages/chat-app-laravel-project-stages/vendor/laravel/framework/src/Illuminate/Pipeline/Pipeline.php(219): App/Http/Middleware/auth/CheckTokenMiddleware->handle(Object(Illuminate/Http/Request), Object(Closure), 'login_token')
#11 C:/Users/ahsan/Desktop/chat-app-laravel-project-stages/chat-app-laravel-project-stages/vendor/laravel/framework/src/Illuminate/Routing/Middleware/SubstituteBindings.php(50): Illuminate/Pipeline/Pipeline->Illuminate/Pipeline/{closure}(Object(Illuminate/Http/Request))
#12 C:/Users/ahsan/Desktop/chat-app-laravel-project-stages/chat-app-laravel-project-stages/vendor/laravel/framework/src/Illuminate/Pipeline/Pipeline.php(219): Illuminate/Routing/Middleware/SubstituteBindings->handle(Object(Illuminate/Http/Request), Object(Closure))
#13 C:/Users/ahsan/Desktop/chat-app-laravel-project-stages/chat-app-laravel-project-stages/vendor/laravel/framework/src/Illuminate/Pipeline/Pipeline.php(137): Illuminate/Pipeline/Pipeline->Illuminate/Pipeline/{closure}(Object(Illuminate/Http/Request))
#14 C:/Users/ahsan/Desktop/chat-app-laravel-project-stages/chat-app-laravel-project-stages/vendor/laravel/framework/src/Illuminate/Routing/Router.php(821): Illuminate/Pipeline/Pipeline->then(Object(Closure))
#15 C:/Users/ahsan/Desktop/chat-app-laravel-project-stages/chat-app-laravel-project-stages/vendor/laravel/framework/src/Illuminate/Routing/Router.php(800): Illuminate/Routing/Router->runRouteWithinStack(Object(Illuminate/Routing/Route), Object(Illuminate/Http/Request))
#16 C:/Users/ahsan/Desktop/chat-app-laravel-project-stages/chat-app-laravel-project-stages/vendor/laravel/framework/src/Illuminate/Routing/Router.php(764): Illuminate/Routing/Router->runRoute(Object(Illuminate/Http/Request), Object(Illuminate/Routing/Route))
#17 C:/Users/ahsan/Desktop/chat-app-laravel-project-stages/chat-app-laravel-project-stages/vendor/laravel/framework/src/Illuminate/Routing/Router.php(753): Illuminate/Routing/Router->dispatchToRoute(Object(Illuminate/Http/Request))
#18 C:/Users/ahsan/Desktop/chat-app-laravel-project-stages/chat-app-laravel-project-stages/vendor/laravel/framework/src/Illuminate/Foundation/Http/Kernel.php(200): Illuminate/Routing/Router->dispatch(Object(Illuminate/Http/Request))
#19 C:/Users/ahsan/Desktop/chat-app-laravel-project-stages/chat-app-laravel-project-stages/vendor/laravel/framework/src/Illuminate/Pipeline/Pipeline.php(180): Illuminate/Foundation/Http/Kernel->Illuminate/Foundation/Http/{closure}(Object(Illuminate/Http/Request))
#20 C:/Users/ahsan/Desktop/chat-app-laravel-project-stages/chat-app-laravel-project-stages/vendor/laravel/framework/src/Illuminate/Foundation/Http/Middleware/TransformsRequest.php(21): Illuminate/Pipeline/Pipeline->Illuminate/Pipeline/{closure}(Object(Illuminate/Http/Request))
#21 C:/Users/ahsan/Desktop/chat-app-laravel-project-stages/chat-app-laravel-project-stages/vendor/laravel/framework/src/Illuminate/Foundation/Http/Middleware/ConvertEmptyStringsToNull.php(31): Illuminate/Foundation/Http/Middleware/TransformsRequest->handle(Object(Illuminate/Http/Request), Object(Closure))
#22 C:/Users/ahsan/Desktop/chat-app-laravel-project-stages/chat-app-laravel-project-stages/vendor/laravel/framework/src/Illuminate/Pipeline/Pipeline.php(219): Illuminate/Foundation/Http/Middleware/ConvertEmptyStringsToNull->handle(Object(Illuminate/Http/Request), Object(Closure))
#23 C:/Users/ahsan/Desktop/chat-app-laravel-project-stages/chat-app-laravel-project-stages/vendor/laravel/framework/src/Illuminate/Foundation/Http/Middleware/TransformsRequest.php(21): Illuminate/Pipeline/Pipeline->Illuminate/Pipeline/{closure}(Object(Illuminate/Http/Request))
#24 C:/Users/ahsan/Desktop/chat-app-laravel-project-stages/chat-app-laravel-project-stages/vendor/laravel/framework/src/Illuminate/Foundation/Http/Middleware/TrimStrings.php(51): Illuminate/Foundation/Http/Middleware/TransformsRequest->handle(Object(Illuminate/Http/Request), Object(Closure))
#25 C:/Users/ahsan/Desktop/chat-app-laravel-project-stages/chat-app-laravel-project-stages/vendor/laravel/framework/src/Illuminate/Pipeline/Pipeline.php(219): Illuminate/Foundation/Http/Middleware/TrimStrings->handle(Object(Illuminate/Http/Request), Object(Closure))
#26 C:/Users/ahsan/Desktop/chat-app-laravel-project-stages/chat-app-laravel-project-stages/vendor/laravel/framework/src/Illuminate/Http/Middleware/ValidatePostSize.php(27): Illuminate/Pipeline/Pipeline->Illuminate/Pipeline/{closure}(Object(Illuminate/Http/Request))
#27 C:/Users/ahsan/Desktop/chat-app-laravel-project-stages/chat-app-laravel-project-stages/vendor/laravel/framework/src/Illuminate/Pipeline/Pipeline.php(219): Illuminate/Http/Middleware/ValidatePostSize->handle(Object(Illuminate/Http/Request), Object(Closure))
#28 C:/Users/ahsan/Desktop/chat-app-laravel-project-stages/chat-app-laravel-project-stages/vendor/laravel/framework/src/Illuminate/Foundation/Http/Middleware/PreventRequestsDuringMaintenance.php(109): Illuminate/Pipeline/Pipeline->Illuminate/Pipeline/{closure}(Object(Illuminate/Http/Request))
#29 C:/Users/ahsan/Desktop/chat-app-laravel-project-stages/chat-app-laravel-project-stages/vendor/laravel/framework/src/Illuminate/Pipeline/Pipeline.php(219): Illuminate/Foundation/Http/Middleware/PreventRequestsDuringMaintenance->handle(Object(Illuminate/Http/Request), Object(Closure))
#30 C:/Users/ahsan/Desktop/chat-app-laravel-project-stages/chat-app-laravel-project-stages/vendor/laravel/framework/src/Illuminate/Http/Middleware/HandleCors.php(74): Illuminate/Pipeline/Pipeline->Illuminate/Pipeline/{closure}(Object(Illuminate/Http/Request))
#31 C:/Users/ahsan/Desktop/chat-app-laravel-project-stages/chat-app-laravel-project-stages/vendor/laravel/framework/src/Illuminate/Pipeline/Pipeline.php(219): Illuminate/Http/Middleware/HandleCors->handle(Object(Illuminate/Http/Request), Object(Closure))
#32 C:/Users/ahsan/Desktop/chat-app-laravel-project-stages/chat-app-laravel-project-stages/vendor/laravel/framework/src/Illuminate/Http/Middleware/TrustProxies.php(58): Illuminate/Pipeline/Pipeline->Illuminate/Pipeline/{closure}(Object(Illuminate/Http/Request))
#33 C:/Users/ahsan/Desktop/chat-app-laravel-project-stages/chat-app-laravel-project-stages/vendor/laravel/framework/src/Illuminate/Pipeline/Pipeline.php(219): Illuminate/Http/Middleware/TrustProxies->handle(Object(Illuminate/Http/Request), Object(Closure))
#34 C:/Users/ahsan/Desktop/chat-app-laravel-project-stages/chat-app-laravel-project-stages/vendor/laravel/framework/src/Illuminate/Foundation/Http/Middleware/InvokeDeferredCallbacks.php(22): Illuminate/Pipeline/Pipeline->Illuminate/Pipeline/{closure}(Object(Illuminate/Http/Request))
#35 C:/Users/ahsan/Desktop/chat-app-laravel-project-stages/chat-app-laravel-project-stages/vendor/laravel/framework/src/Illuminate/Pipeline/Pipeline.php(219): Illuminate/Foundation/Http/Middleware/InvokeDeferredCallbacks->handle(Object(Illuminate/Http/Request), Object(Closure))
#36 C:/Users/ahsan/Desktop/chat-app-laravel-project-stages/chat-app-laravel-project-stages/vendor/laravel/framework/src/Illuminate/Http/Middleware/ValidatePathEncoding.php(26): Illuminate/Pipeline/Pipeline->Illuminate/Pipeline/{closure}(Object(Illuminate/Http/Request))
#37 C:/Users/ahsan/Desktop/chat-app-laravel-project-stages/chat-app-laravel-project-stages/vendor/laravel/framework/src/Illuminate/Pipeline/Pipeline.php(219): Illuminate/Http/Middleware/ValidatePathEncoding->handle(Object(Illuminate/Http/Request), Object(Closure))
#38 C:/Users/ahsan/Desktop/chat-app-laravel-project-stages/chat-app-laravel-project-stages/vendor/laravel/framework/src/Illuminate/Pipeline/Pipeline.php(137): Illuminate/Pipeline/Pipeline->Illuminate/Pipeline/{closure}(Object(Illuminate/Http/Request))
#39 C:/Users/ahsan/Desktop/chat-app-laravel-project-stages/chat-app-laravel-project-stages/vendor/laravel/framework/src/Illuminate/Foundation/Http/Kernel.php(175): Illuminate/Pipeline/Pipeline->then(Object(Closure))
#40 C:/Users/ahsan/Desktop/chat-app-laravel-project-stages/chat-app-laravel-project-stages/vendor/laravel/framework/src/Illuminate/Foundation/Http/Kernel.php(144): Illuminate/Foundation/Http/Kernel->sendRequestThroughRouter(Object(Illuminate/Http/Request))
#41 C:/Users/ahsan/Desktop/chat-app-laravel-project-stages/chat-app-laravel-project-stages/vendor/laravel/framework/src/Illuminate/Foundation/Application.php(1220): Illuminate/Foundation/Http/Kernel->handle(Object(Illuminate/Http/Request))
#42 C:/Users/ahsan/Desktop/chat-app-laravel-project-stages/chat-app-laravel-project-stages/public/index.php(20): Illuminate/Foundation/Application->handleRequest(Object(Illuminate/Http/Request))
#43 C:/Users/ahsan/Desktop/chat-app-laravel-project-stages/chat-app-laravel-project-stages/vendor/laravel/framework/src/Illuminate/Foundation/resources/server.php(23): require_once('C://Users//ahsan//...')
#44 {main}

[previous exception] [object] (ReflectionException(code: -1): Class \"App\\Http\\Requests\\Team\\CreateTeamRequest\" does not exist at C:/Users/ahsan/Desktop/chat-app-laravel-project-stages/chat-app-laravel-project-stages/vendor/laravel/framework/src/Illuminate/Container/Container.php:1122)
[stacktrace]
#0 C:/Users/ahsan/Desktop/chat-app-laravel-project-stages/chat-app-laravel-project-stages/vendor/laravel/framework/src/Illuminate/Container/Container.php(1122): ReflectionClass->__construct('App//Http//Reques...')
#1 C:/Users/ahsan/Desktop/chat-app-laravel-project-stages/chat-app-laravel-project-stages/vendor/laravel/framework/src/Illuminate/Container/Container.php(933): Illuminate/Container/Container->build('App//Http//Reques...')
#2 C:/Users/ahsan/Desktop/chat-app-laravel-project-stages/chat-app-laravel-project-stages/vendor/laravel/framework/src/Illuminate/Foundation/Application.php(1078): Illuminate/Container/Container->resolve('App//Http//Reques...', Array, true)
#3 C:/Users/ahsan/Desktop/chat-app-laravel-project-stages/chat-app-laravel-project-stages/vendor/laravel/framework/src/Illuminate/Container/Container.php(864): Illuminate/Foundation/Application->resolve('App//Http//Reques...', Array)
#4 C:/Users/ahsan/Desktop/chat-app-laravel-project-stages/chat-app-laravel-project-stages/vendor/laravel/framework/src/Illuminate/Foundation/Application.php(1058): Illuminate/Container/Container->make('App//Http//Reques...', Array)
#5 C:/Users/ahsan/Desktop/chat-app-laravel-project-stages/chat-app-laravel-project-stages/vendor/laravel/framework/src/Illuminate/Foundation/helpers.php(138): Illuminate/Foundation/Application->make('App//Http//Reques...', Array)
#6 C:/Users/ahsan/Desktop/chat-app-laravel-project-stages/chat-app-laravel-project-stages/app/Http/Middleware/CheckValidationMiddleware.php(67): app('App//Http//Reques...')
#7 C:/Users/ahsan/Desktop/chat-app-laravel-project-stages/chat-app-laravel-project-stages/vendor/laravel/framework/src/Illuminate/Pipeline/Pipeline.php(219): App/Http/Middleware/CheckValidationMiddleware->handle(Object(Illuminate/Http/Request), Object(Closure), 'CreateTeamReque...')
#8 C:/Users/ahsan/Desktop/chat-app-laravel-project-stages/chat-app-laravel-project-stages/app/Http/Middleware/auth/CheckActiveMiddleware.php(32): Illuminate/Pipeline/Pipeline->Illuminate/Pipeline/{closure}(Object(Illuminate/Http/Request))
#9 C:/Users/ahsan/Desktop/chat-app-laravel-project-stages/chat-app-laravel-project-stages/vendor/laravel/framework/src/Illuminate/Pipeline/Pipeline.php(219): App/Http/Middleware/auth/CheckActiveMiddleware->handle(Object(Illuminate/Http/Request), Object(Closure))
#10 C:/Users/ahsan/Desktop/chat-app-laravel-project-stages/chat-app-laravel-project-stages/app/Http/Middleware/auth/CheckTokenMiddleware.php(102): Illuminate/Pipeline/Pipeline->Illuminate/Pipeline/{closure}(Object(Illuminate/Http/Request))
#11 C:/Users/ahsan/Desktop/chat-app-laravel-project-stages/chat-app-laravel-project-stages/vendor/laravel/framework/src/Illuminate/Pipeline/Pipeline.php(219): App/Http/Middleware/auth/CheckTokenMiddleware->handle(Object(Illuminate/Http/Request), Object(Closure), 'login_token')
#12 C:/Users/ahsan/Desktop/chat-app-laravel-project-stages/chat-app-laravel-project-stages/vendor/laravel/framework/src/Illuminate/Routing/Middleware/SubstituteBindings.php(50): Illuminate/Pipeline/Pipeline->Illuminate/Pipeline/{closure}(Object(Illuminate/Http/Request))
#13 C:/Users/ahsan/Desktop/chat-app-laravel-project-stages/chat-app-laravel-project-stages/vendor/laravel/framework/src/Illuminate/Pipeline/Pipeline.php(219): Illuminate/Routing/Middleware/SubstituteBindings->handle(Object(Illuminate/Http/Request), Object(Closure))
#14 C:/Users/ahsan/Desktop/chat-app-laravel-project-stages/chat-app-laravel-project-stages/vendor/laravel/framework/src/Illuminate/Pipeline/Pipeline.php(137): Illuminate/Pipeline/Pipeline->Illuminate/Pipeline/{closure}(Object(Illuminate/Http/Request))
#15 C:/Users/ahsan/Desktop/chat-app-laravel-project-stages/chat-app-laravel-project-stages/vendor/laravel/framework/src/Illuminate/Routing/Router.php(821): Illuminate/Pipeline/Pipeline->then(Object(Closure))
#16 C:/Users/ahsan/Desktop/chat-app-laravel-project-stages/chat-app-laravel-project-stages/vendor/laravel/framework/src/Illuminate/Routing/Router.php(800): Illuminate/Routing/Router->runRouteWithinStack(Object(Illuminate/Routing/Route), Object(Illuminate/Http/Request))
#17 C:/Users/ahsan/Desktop/chat-app-laravel-project-stages/chat-app-laravel-project-stages/vendor/laravel/framework/src/Illuminate/Routing/Router.php(764): Illuminate/Routing/Router->runRoute(Object(Illuminate/Http/Request), Object(Illuminate/Routing/Route))
#18 C:/Users/ahsan/Desktop/chat-app-laravel-project-stages/chat-app-laravel-project-stages/vendor/laravel/framework/src/Illuminate/Routing/Router.php(753): Illuminate/Routing/Router->dispatchToRoute(Object(Illuminate/Http/Request))
#19 C:/Users/ahsan/Desktop/chat-app-laravel-project-stages/chat-app-laravel-project-stages/vendor/laravel/framework/src/Illuminate/Foundation/Http/Kernel.php(200): Illuminate/Routing/Router->dispatch(Object(Illuminate/Http/Request))
#20 C:/Users/ahsan/Desktop/chat-app-laravel-project-stages/chat-app-laravel-project-stages/vendor/laravel/framework/src/Illuminate/Pipeline/Pipeline.php(180): Illuminate/Foundation/Http/Kernel->Illuminate/Foundation/Http/{closure}(Object(Illuminate/Http/Request))
#21 C:/Users/ahsan/Desktop/chat-app-laravel-project-stages/chat-app-laravel-project-stages/vendor/laravel/framework/src/Illuminate/Foundation/Http/Middleware/TransformsRequest.php(21): Illuminate/Pipeline/Pipeline->Illuminate/Pipeline/{closure}(Object(Illuminate/Http/Request))
#22 C:/Users/ahsan/Desktop/chat-app-laravel-project-stages/chat-app-laravel-project-stages/vendor/laravel/framework/src/Illuminate/Foundation/Http/Middleware/ConvertEmptyStringsToNull.php(31): Illuminate/Foundation/Http/Middleware/TransformsRequest->handle(Object(Illuminate/Http/Request), Object(Closure))
#23 C:/Users/ahsan/Desktop/chat-app-laravel-project-stages/chat-app-laravel-project-stages/vendor/laravel/framework/src/Illuminate/Pipeline/Pipeline.php(219): Illuminate/Foundation/Http/Middleware/ConvertEmptyStringsToNull->handle(Object(Illuminate/Http/Request), Object(Closure))
#24 C:/Users/ahsan/Desktop/chat-app-laravel-project-stages/chat-app-laravel-project-stages/vendor/laravel/framework/src/Illuminate/Foundation/Http/Middleware/TransformsRequest.php(21): Illuminate/Pipeline/Pipeline->Illuminate/Pipeline/{closure}(Object(Illuminate/Http/Request))
#25 C:/Users/ahsan/Desktop/chat-app-laravel-project-stages/chat-app-laravel-project-stages/vendor/laravel/framework/src/Illuminate/Foundation/Http/Middleware/TrimStrings.php(51): Illuminate/Foundation/Http/Middleware/TransformsRequest->handle(Object(Illuminate/Http/Request), Object(Closure))
#26 C:/Users/ahsan/Desktop/chat-app-laravel-project-stages/chat-app-laravel-project-stages/vendor/laravel/framework/src/Illuminate/Pipeline/Pipeline.php(219): Illuminate/Foundation/Http/Middleware/TrimStrings->handle(Object(Illuminate/Http/Request), Object(Closure))
#27 C:/Users/ahsan/Desktop/chat-app-laravel-project-stages/chat-app-laravel-project-stages/vendor/laravel/framework/src/Illuminate/Http/Middleware/ValidatePostSize.php(27): Illuminate/Pipeline/Pipeline->Illuminate/Pipeline/{closure}(Object(Illuminate/Http/Request))
#28 C:/Users/ahsan/Desktop/chat-app-laravel-project-stages/chat-app-laravel-project-stages/vendor/laravel/framework/src/Illuminate/Pipeline/Pipeline.php(219): Illuminate/Http/Middleware/ValidatePostSize->handle(Object(Illuminate/Http/Request), Object(Closure))
#29 C:/Users/ahsan/Desktop/chat-app-laravel-project-stages/chat-app-laravel-project-stages/vendor/laravel/framework/src/Illuminate/Foundation/Http/Middleware/PreventRequestsDuringMaintenance.php(109): Illuminate/Pipeline/Pipeline->Illuminate/Pipeline/{closure}(Object(Illuminate/Http/Request))
#30 C:/Users/ahsan/Desktop/chat-app-laravel-project-stages/chat-app-laravel-project-stages/vendor/laravel/framework/src/Illuminate/Pipeline/Pipeline.php(219): Illuminate/Foundation/Http/Middleware/PreventRequestsDuringMaintenance->handle(Object(Illuminate/Http/Request), Object(Closure))
#31 C:/Users/ahsan/Desktop/chat-app-laravel-project-stages/chat-app-laravel-project-stages/vendor/laravel/framework/src/Illuminate/Http/Middleware/HandleCors.php(74): Illuminate/Pipeline/Pipeline->Illuminate/Pipeline/{closure}(Object(Illuminate/Http/Request))
#32 C:/Users/ahsan/Desktop/chat-app-laravel-project-stages/chat-app-laravel-project-stages/vendor/laravel/framework/src/Illuminate/Pipeline/Pipeline.php(219): Illuminate/Http/Middleware/HandleCors->handle(Object(Illuminate/Http/Request), Object(Closure))
#33 C:/Users/ahsan/Desktop/chat-app-laravel-project-stages/chat-app-laravel-project-stages/vendor/laravel/framework/src/Illuminate/Http/Middleware/TrustProxies.php(58): Illuminate/Pipeline/Pipeline->Illuminate/Pipeline/{closure}(Object(Illuminate/Http/Request))
#34 C:/Users/ahsan/Desktop/chat-app-laravel-project-stages/chat-app-laravel-project-stages/vendor/laravel/framework/src/Illuminate/Pipeline/Pipeline.php(219): Illuminate/Http/Middleware/TrustProxies->handle(Object(Illuminate/Http/Request), Object(Closure))
#35 C:/Users/ahsan/Desktop/chat-app-laravel-project-stages/chat-app-laravel-project-stages/vendor/laravel/framework/src/Illuminate/Foundation/Http/Middleware/InvokeDeferredCallbacks.php(22): Illuminate/Pipeline/Pipeline->Illuminate/Pipeline/{closure}(Object(Illuminate/Http/Request))
#36 C:/Users/ahsan/Desktop/chat-app-laravel-project-stages/chat-app-laravel-project-stages/vendor/laravel/framework/src/Illuminate/Pipeline/Pipeline.php(219): Illuminate/Foundation/Http/Middleware/InvokeDeferredCallbacks->handle(Object(Illuminate/Http/Request), Object(Closure))
#37 C:/Users/ahsan/Desktop/chat-app-laravel-project-stages/chat-app-laravel-project-stages/vendor/laravel/framework/src/Illuminate/Http/Middleware/ValidatePathEncoding.php(26): Illuminate/Pipeline/Pipeline->Illuminate/Pipeline/{closure}(Object(Illuminate/Http/Request))
#38 C:/Users/ahsan/Desktop/chat-app-laravel-project-stages/chat-app-laravel-project-stages/vendor/laravel/framework/src/Illuminate/Pipeline/Pipeline.php(219): Illuminate/Http/Middleware/ValidatePathEncoding->handle(Object(Illuminate/Http/Request), Object(Closure))
#39 C:/Users/ahsan/Desktop/chat-app-laravel-project-stages/chat-app-laravel-project-stages/vendor/laravel/framework/src/Illuminate/Pipeline/Pipeline.php(137): Illuminate/Pipeline/Pipeline->Illuminate/Pipeline/{closure}(Object(Illuminate/Http/Request))
#40 C:/Users/ahsan/Desktop/chat-app-laravel-project-stages/chat-app-laravel-project-stages/vendor/laravel/framework/src/Illuminate/Foundation/Http/Kernel.php(175): Illuminate/Pipeline/Pipeline->then(Object(Closure))
#41 C:/Users/ahsan/Desktop/chat-app-laravel-project-stages/chat-app-laravel-project-stages/vendor/laravel/framework/src/Illuminate/Foundation/Http/Kernel.php(144): Illuminate/Foundation/Http/Kernel->sendRequestThroughRouter(Object(Illuminate/Http/Request))
#42 C:/Users/ahsan/Desktop/chat-app-laravel-project-stages/chat-app-laravel-project-stages/vendor/laravel/framework/src/Illuminate/Foundation/Application.php(1220): Illuminate/Foundation/Http/Kernel->handle(Object(Illuminate/Http/Request))
#43 C:/Users/ahsan/Desktop/chat-app-laravel-project-stages/chat-app-laravel-project-stages/public/index.php(20): Illuminate/Foundation/Application->handleRequest(Object(Illuminate/Http/Request))
#44 C:/Users/ahsan/Desktop/chat-app-laravel-project-stages/chat-app-laravel-project-stages/vendor/laravel/framework/src/Illuminate/Foundation/resources/server.php(23): require_once('C://Users//ahsan//...')
#45 {main}
"} 
[2026-03-04 11:03:54] local.ERROR: Target class [App\Http\Requests\Team\CreateTeamRequest] does not exist. {"exception":"[object] (Illuminate\\Contracts\\Container\\BindingResolutionException(code: 0): Target class [App\\Http\\Requests\\Team\\CreateTeamRequest] does not exist. at C:/Users/ahsan/Desktop/chat-app-laravel-project-stages/chat-app-laravel-project-stages/vendor/laravel/framework/src/Illuminate/Container/Container.php:1124)
[stacktrace]
#0 C:/Users/ahsan/Desktop/chat-app-laravel-project-stages/chat-app-laravel-project-stages/vendor/laravel/framework/src/Illuminate/Container/Container.php(933): Illuminate/Container/Container->build('App//Http//Reques...')
#1 C:/Users/ahsan/Desktop/chat-app-laravel-project-stages/chat-app-laravel-project-stages/vendor/laravel/framework/src/Illuminate/Foundation/Application.php(1078): Illuminate/Container/Container->resolve('App//Http//Reques...', Array, true)
#2 C:/Users/ahsan/Desktop/chat-app-laravel-project-stages/chat-app-laravel-project-stages/vendor/laravel/framework/src/Illuminate/Container/Container.php(864): Illuminate/Foundation/Application->resolve('App//Http//Reques...', Array)
#3 C:/Users/ahsan/Desktop/chat-app-laravel-project-stages/chat-app-laravel-project-stages/vendor/laravel/framework/src/Illuminate/Foundation/Application.php(1058): Illuminate/Container/Container->make('App//Http//Reques...', Array)
#4 C:/Users/ahsan/Desktop/chat-app-laravel-project-stages/chat-app-laravel-project-stages/vendor/laravel/framework/src/Illuminate/Foundation/helpers.php(138): Illuminate/Foundation/Application->make('App//Http//Reques...', Array)
#5 C:/Users/ahsan/Desktop/chat-app-laravel-project-stages/chat-app-laravel-project-stages/app/Http/Middleware/CheckValidationMiddleware.php(67): app('App//Http//Reques...')
#6 C:/Users/ahsan/Desktop/chat-app-laravel-project-stages/chat-app-laravel-project-stages/vendor/laravel/framework/src/Illuminate/Pipeline/Pipeline.php(219): App/Http/Middleware/CheckValidationMiddleware->handle(Object(Illuminate/Http/Request), Object(Closure), 'CreateTeamReque...')
#7 C:/Users/ahsan/Desktop/chat-app-laravel-project-stages/chat-app-laravel-project-stages/app/Http/Middleware/auth/CheckActiveMiddleware.php(32): Illuminate/Pipeline/Pipeline->Illuminate/Pipeline/{closure}(Object(Illuminate/Http/Request))
#8 C:/Users/ahsan/Desktop/chat-app-laravel-project-stages/chat-app-laravel-project-stages/vendor/laravel/framework/src/Illuminate/Pipeline/Pipeline.php(219): App/Http/Middleware/auth/CheckActiveMiddleware->handle(Object(Illuminate/Http/Request), Object(Closure))
#9 C:/Users/ahsan/Desktop/chat-app-laravel-project-stages/chat-app-laravel-project-stages/app/Http/Middleware/auth/CheckTokenMiddleware.php(102): Illuminate/Pipeline/Pipeline->Illuminate/Pipeline/{closure}(Object(Illuminate/Http/Request))
#10 C:/Users/ahsan/Desktop/chat-app-laravel-project-stages/chat-app-laravel-project-stages/vendor/laravel/framework/src/Illuminate/Pipeline/Pipeline.php(219): App/Http/Middleware/auth/CheckTokenMiddleware->handle(Object(Illuminate/Http/Request), Object(Closure), 'login_token')
#11 C:/Users/ahsan/Desktop/chat-app-laravel-project-stages/chat-app-laravel-project-stages/vendor/laravel/framework/src/Illuminate/Routing/Middleware/SubstituteBindings.php(50): Illuminate/Pipeline/Pipeline->Illuminate/Pipeline/{closure}(Object(Illuminate/Http/Request))
#12 C:/Users/ahsan/Desktop/chat-app-laravel-project-stages/chat-app-laravel-project-stages/vendor/laravel/framework/src/Illuminate/Pipeline/Pipeline.php(219): Illuminate/Routing/Middleware/SubstituteBindings->handle(Object(Illuminate/Http/Request), Object(Closure))
#13 C:/Users/ahsan/Desktop/chat-app-laravel-project-stages/chat-app-laravel-project-stages/vendor/laravel/framework/src/Illuminate/Pipeline/Pipeline.php(137): Illuminate/Pipeline/Pipeline->Illuminate/Pipeline/{closure}(Object(Illuminate/Http/Request))
#14 C:/Users/ahsan/Desktop/chat-app-laravel-project-stages/chat-app-laravel-project-stages/vendor/laravel/framework/src/Illuminate/Routing/Router.php(821): Illuminate/Pipeline/Pipeline->then(Object(Closure))
#15 C:/Users/ahsan/Desktop/chat-app-laravel-project-stages/chat-app-laravel-project-stages/vendor/laravel/framework/src/Illuminate/Routing/Router.php(800): Illuminate/Routing/Router->runRouteWithinStack(Object(Illuminate/Routing/Route), Object(Illuminate/Http/Request))
#16 C:/Users/ahsan/Desktop/chat-app-laravel-project-stages/chat-app-laravel-project-stages/vendor/laravel/framework/src/Illuminate/Routing/Router.php(764): Illuminate/Routing/Router->runRoute(Object(Illuminate/Http/Request), Object(Illuminate/Routing/Route))
#17 C:/Users/ahsan/Desktop/chat-app-laravel-project-stages/chat-app-laravel-project-stages/vendor/laravel/framework/src/Illuminate/Routing/Router.php(753): Illuminate/Routing/Router->dispatchToRoute(Object(Illuminate/Http/Request))
#18 C:/Users/ahsan/Desktop/chat-app-laravel-project-stages/chat-app-laravel-project-stages/vendor/laravel/framework/src/Illuminate/Foundation/Http/Kernel.php(200): Illuminate/Routing/Router->dispatch(Object(Illuminate/Http/Request))
#19 C:/Users/ahsan/Desktop/chat-app-laravel-project-stages/chat-app-laravel-project-stages/vendor/laravel/framework/src/Illuminate/Pipeline/Pipeline.php(180): Illuminate/Foundation/Http/Kernel->Illuminate/Foundation/Http/{closure}(Object(Illuminate/Http/Request))
#20 C:/Users/ahsan/Desktop/chat-app-laravel-project-stages/chat-app-laravel-project-stages/vendor/laravel/framework/src/Illuminate/Foundation/Http/Middleware/TransformsRequest.php(21): Illuminate/Pipeline/Pipeline->Illuminate/Pipeline/{closure}(Object(Illuminate/Http/Request))
#21 C:/Users/ahsan/Desktop/chat-app-laravel-project-stages/chat-app-laravel-project-stages/vendor/laravel/framework/src/Illuminate/Foundation/Http/Middleware/ConvertEmptyStringsToNull.php(31): Illuminate/Foundation/Http/Middleware/TransformsRequest->handle(Object(Illuminate/Http/Request), Object(Closure))
#22 C:/Users/ahsan/Desktop/chat-app-laravel-project-stages/chat-app-laravel-project-stages/vendor/laravel/framework/src/Illuminate/Pipeline/Pipeline.php(219): Illuminate/Foundation/Http/Middleware/ConvertEmptyStringsToNull->handle(Object(Illuminate/Http/Request), Object(Closure))
#23 C:/Users/ahsan/Desktop/chat-app-laravel-project-stages/chat-app-laravel-project-stages/vendor/laravel/framework/src/Illuminate/Foundation/Http/Middleware/TransformsRequest.php(21): Illuminate/Pipeline/Pipeline->Illuminate/Pipeline/{closure}(Object(Illuminate/Http/Request))
#24 C:/Users/ahsan/Desktop/chat-app-laravel-project-stages/chat-app-laravel-project-stages/vendor/laravel/framework/src/Illuminate/Foundation/Http/Middleware/TrimStrings.php(51): Illuminate/Foundation/Http/Middleware/TransformsRequest->handle(Object(Illuminate/Http/Request), Object(Closure))
#25 C:/Users/ahsan/Desktop/chat-app-laravel-project-stages/chat-app-laravel-project-stages/vendor/laravel/framework/src/Illuminate/Pipeline/Pipeline.php(219): Illuminate/Foundation/Http/Middleware/TrimStrings->handle(Object(Illuminate/Http/Request), Object(Closure))
#26 C:/Users/ahsan/Desktop/chat-app-laravel-project-stages/chat-app-laravel-project-stages/vendor/laravel/framework/src/Illuminate/Http/Middleware/ValidatePostSize.php(27): Illuminate/Pipeline/Pipeline->Illuminate/Pipeline/{closure}(Object(Illuminate/Http/Request))
#27 C:/Users/ahsan/Desktop/chat-app-laravel-project-stages/chat-app-laravel-project-stages/vendor/laravel/framework/src/Illuminate/Pipeline/Pipeline.php(219): Illuminate/Http/Middleware/ValidatePostSize->handle(Object(Illuminate/Http/Request), Object(Closure))
#28 C:/Users/ahsan/Desktop/chat-app-laravel-project-stages/chat-app-laravel-project-stages/vendor/laravel/framework/src/Illuminate/Foundation/Http/Middleware/PreventRequestsDuringMaintenance.php(109): Illuminate/Pipeline/Pipeline->Illuminate/Pipeline/{closure}(Object(Illuminate/Http/Request))
#29 C:/Users/ahsan/Desktop/chat-app-laravel-project-stages/chat-app-laravel-project-stages/vendor/laravel/framework/src/Illuminate/Pipeline/Pipeline.php(219): Illuminate/Foundation/Http/Middleware/PreventRequestsDuringMaintenance->handle(Object(Illuminate/Http/Request), Object(Closure))
#30 C:/Users/ahsan/Desktop/chat-app-laravel-project-stages/chat-app-laravel-project-stages/vendor/laravel/framework/src/Illuminate/Http/Middleware/HandleCors.php(74): Illuminate/Pipeline/Pipeline->Illuminate/Pipeline/{closure}(Object(Illuminate/Http/Request))
#31 C:/Users/ahsan/Desktop/chat-app-laravel-project-stages/chat-app-laravel-project-stages/vendor/laravel/framework/src/Illuminate/Pipeline/Pipeline.php(219): Illuminate/Http/Middleware/HandleCors->handle(Object(Illuminate/Http/Request), Object(Closure))
#32 C:/Users/ahsan/Desktop/chat-app-laravel-project-stages/chat-app-laravel-project-stages/vendor/laravel/framework/src/Illuminate/Http/Middleware/TrustProxies.php(58): Illuminate/Pipeline/Pipeline->Illuminate/Pipeline/{closure}(Object(Illuminate/Http/Request))
#33 C:/Users/ahsan/Desktop/chat-app-laravel-project-stages/chat-app-laravel-project-stages/vendor/laravel/framework/src/Illuminate/Pipeline/Pipeline.php(219): Illuminate/Http/Middleware/TrustProxies->handle(Object(Illuminate/Http/Request), Object(Closure))
#34 C:/Users/ahsan/Desktop/chat-app-laravel-project-stages/chat-app-laravel-project-stages/vendor/laravel/framework/src/Illuminate/Foundation/Http/Middleware/InvokeDeferredCallbacks.php(22): Illuminate/Pipeline/Pipeline->Illuminate/Pipeline/{closure}(Object(Illuminate/Http/Request))
#35 C:/Users/ahsan/Desktop/chat-app-laravel-project-stages/chat-app-laravel-project-stages/vendor/laravel/framework/src/Illuminate/Pipeline/Pipeline.php(219): Illuminate/Foundation/Http/Middleware/InvokeDeferredCallbacks->handle(Object(Illuminate/Http/Request), Object(Closure))
#36 C:/Users/ahsan/Desktop/chat-app-laravel-project-stages/chat-app-laravel-project-stages/vendor/laravel/framework/src/Illuminate/Http/Middleware/ValidatePathEncoding.php(26): Illuminate/Pipeline/Pipeline->Illuminate/Pipeline/{closure}(Object(Illuminate/Http/Request))
#37 C:/Users/ahsan/Desktop/chat-app-laravel-project-stages/chat-app-laravel-project-stages/vendor/laravel/framework/src/Illuminate/Pipeline/Pipeline.php(219): Illuminate/Http/Middleware/ValidatePathEncoding->handle(Object(Illuminate/Http/Request), Object(Closure))
#38 C:/Users/ahsan/Desktop/chat-app-laravel-project-stages/chat-app-laravel-project-stages/vendor/laravel/framework/src/Illuminate/Pipeline/Pipeline.php(137): Illuminate/Pipeline/Pipeline->Illuminate/Pipeline/{closure}(Object(Illuminate/Http/Request))
#39 C:/Users/ahsan/Desktop/chat-app-laravel-project-stages/chat-app-laravel-project-stages/vendor/laravel/framework/src/Illuminate/Foundation/Http/Kernel.php(175): Illuminate/Pipeline/Pipeline->then(Object(Closure))
#40 C:/Users/ahsan/Desktop/chat-app-laravel-project-stages/chat-app-laravel-project-stages/vendor/laravel/framework/src/Illuminate/Foundation/Http/Kernel.php(144): Illuminate/Foundation/Http/Kernel->sendRequestThroughRouter(Object(Illuminate/Http/Request))
#41 C:/Users/ahsan/Desktop/chat-app-laravel-project-stages/chat-app-laravel-project-stages/vendor/laravel/framework/src/Illuminate/Foundation/Application.php(1220): Illuminate/Foundation/Http/Kernel->handle(Object(Illuminate/Http/Request))
#42 C:/Users/ahsan/Desktop/chat-app-laravel-project-stages/chat-app-laravel-project-stages/public/index.php(20): Illuminate/Foundation/Application->handleRequest(Object(Illuminate/Http/Request))
#43 C:/Users/ahsan/Desktop/chat-app-laravel-project-stages/chat-app-laravel-project-stages/vendor/laravel/framework/src/Illuminate/Foundation/resources/server.php(23): require_once('C://Users//ahsan//...')
#44 {main}

[previous exception] [object] (ReflectionException(code: -1): Class \"App\\Http\\Requests\\Team\\CreateTeamRequest\" does not exist at C:/Users/ahsan/Desktop/chat-app-laravel-project-stages/chat-app-laravel-project-stages/vendor/laravel/framework/src/Illuminate/Container/Container.php:1122)
[stacktrace]
#0 C:/Users/ahsan/Desktop/chat-app-laravel-project-stages/chat-app-laravel-project-stages/vendor/laravel/framework/src/Illuminate/Container/Container.php(1122): ReflectionClass->__construct('App//Http//Reques...')
#1 C:/Users/ahsan/Desktop/chat-app-laravel-project-stages/chat-app-laravel-project-stages/vendor/laravel/framework/src/Illuminate/Container/Container.php(933): Illuminate/Container/Container->build('App//Http//Reques...')
#2 C:/Users/ahsan/Desktop/chat-app-laravel-project-stages/chat-app-laravel-project-stages/vendor/laravel/framework/src/Illuminate/Foundation/Application.php(1078): Illuminate/Container/Container->resolve('App//Http//Reques...', Array, true)
#3 C:/Users/ahsan/Desktop/chat-app-laravel-project-stages/chat-app-laravel-project-stages/vendor/laravel/framework/src/Illuminate/Container/Container.php(864): Illuminate/Foundation/Application->resolve('App//Http//Reques...', Array)
#4 C:/Users/ahsan/Desktop/chat-app-laravel-project-stages/chat-app-laravel-project-stages/vendor/laravel/framework/src/Illuminate/Foundation/Application.php(1058): Illuminate/Container/Container->make('App//Http//Reques...', Array)
#5 C:/Users/ahsan/Desktop/chat-app-laravel-project-stages/chat-app-laravel-project-stages/vendor/laravel/framework/src/Illuminate/Foundation/helpers.php(138): Illuminate/Foundation/Application->make('App//Http//Reques...', Array)
#6 C:/Users/ahsan/Desktop/chat-app-laravel-project-stages/chat-app-laravel-project-stages/app/Http/Middleware/CheckValidationMiddleware.php(67): app('App//Http//Reques...')
#7 C:/Users/ahsan/Desktop/chat-app-laravel-project-stages/chat-app-laravel-project-stages/vendor/laravel/framework/src/Illuminate/Pipeline/Pipeline.php(219): App/Http/Middleware/CheckValidationMiddleware->handle(Object(Illuminate/Http/Request), Object(Closure), 'CreateTeamReque...')
#8 C:/Users/ahsan/Desktop/chat-app-laravel-project-stages/chat-app-laravel-project-stages/app/Http/Middleware/auth/CheckActiveMiddleware.php(32): Illuminate/Pipeline/Pipeline->Illuminate/Pipeline/{closure}(Object(Illuminate/Http/Request))
#9 C:/Users/ahsan/Desktop/chat-app-laravel-project-stages/chat-app-laravel-project-stages/vendor/laravel/framework/src/Illuminate/Pipeline/Pipeline.php(219): App/Http/Middleware/auth/CheckActiveMiddleware->handle(Object(Illuminate/Http/Request), Object(Closure))
#10 C:/Users/ahsan/Desktop/chat-app-laravel-project-stages/chat-app-laravel-project-stages/app/Http/Middleware/auth/CheckTokenMiddleware.php(102): Illuminate/Pipeline/Pipeline->Illuminate/Pipeline/{closure}(Object(Illuminate/Http/Request))
#11 C:/Users/ahsan/Desktop/chat-app-laravel-project-stages/chat-app-laravel-project-stages/vendor/laravel/framework/src/Illuminate/Pipeline/Pipeline.php(219): App/Http/Middleware/auth/CheckTokenMiddleware->handle(Object(Illuminate/Http/Request), Object(Closure), 'login_token')
#12 C:/Users/ahsan/Desktop/chat-app-laravel-project-stages/chat-app-laravel-project-stages/vendor/laravel/framework/src/Illuminate/Routing/Middleware/SubstituteBindings.php(50): Illuminate/Pipeline/Pipeline->Illuminate/Pipeline/{closure}(Object(Illuminate/Http/Request))
#13 C:/Users/ahsan/Desktop/chat-app-laravel-project-stages/chat-app-laravel-project-stages/vendor/laravel/framework/src/Illuminate/Pipeline/Pipeline.php(219): Illuminate/Routing/Middleware/SubstituteBindings->handle(Object(Illuminate/Http/Request), Object(Closure))
#14 C:/Users/ahsan/Desktop/chat-app-laravel-project-stages/chat-app-laravel-project-stages/vendor/laravel/framework/src/Illuminate/Pipeline/Pipeline.php(137): Illuminate/Pipeline/Pipeline->Illuminate/Pipeline/{closure}(Object(Illuminate/Http/Request))
#15 C:/Users/ahsan/Desktop/chat-app-laravel-project-stages/chat-app-laravel-project-stages/vendor/laravel/framework/src/Illuminate/Routing/Router.php(821): Illuminate/Pipeline/Pipeline->then(Object(Closure))
#16 C:/Users/ahsan/Desktop/chat-app-laravel-project-stages/chat-app-laravel-project-stages/vendor/laravel/framework/src/Illuminate/Routing/Router.php(800): Illuminate/Routing/Router->runRouteWithinStack(Object(Illuminate/Routing/Route), Object(Illuminate/Http/Request))
#17 C:/Users/ahsan/Desktop/chat-app-laravel-project-stages/chat-app-laravel-project-stages/vendor/laravel/framework/src/Illuminate/Routing/Router.php(764): Illuminate/Routing/Router->runRoute(Object(Illuminate/Http/Request), Object(Illuminate/Routing/Route))
#18 C:/Users/ahsan/Desktop/chat-app-laravel-project-stages/chat-app-laravel-project-stages/vendor/laravel/framework/src/Illuminate/Routing/Router.php(753): Illuminate/Routing/Router->dispatchToRoute(Object(Illuminate/Http/Request))
#19 C:/Users/ahsan/Desktop/chat-app-laravel-project-stages/chat-app-laravel-project-stages/vendor/laravel/framework/src/Illuminate/Foundation/Http/Kernel.php(200): Illuminate/Routing/Router->dispatch(Object(Illuminate/Http/Request))
#20 C:/Users/ahsan/Desktop/chat-app-laravel-project-stages/chat-app-laravel-project-stages/vendor/laravel/framework/src/Illuminate/Pipeline/Pipeline.php(180): Illuminate/Foundation/Http/Kernel->Illuminate/Foundation/Http/{closure}(Object(Illuminate/Http/Request))
#21 C:/Users/ahsan/Desktop/chat-app-laravel-project-stages/chat-app-laravel-project-stages/vendor/laravel/framework/src/Illuminate/Foundation/Http/Middleware/TransformsRequest.php(21): Illuminate/Pipeline/Pipeline->Illuminate/Pipeline/{closure}(Object(Illuminate/Http/Request))
#22 C:/Users/ahsan/Desktop/chat-app-laravel-project-stages/chat-app-laravel-project-stages/vendor/laravel/framework/src/Illuminate/Foundation/Http/Middleware/ConvertEmptyStringsToNull.php(31): Illuminate/Foundation/Http/Middleware/TransformsRequest->handle(Object(Illuminate/Http/Request), Object(Closure))
#23 C:/Users/ahsan/Desktop/chat-app-laravel-project-stages/chat-app-laravel-project-stages/vendor/laravel/framework/src/Illuminate/Pipeline/Pipeline.php(219): Illuminate/Foundation/Http/Middleware/ConvertEmptyStringsToNull->handle(Object(Illuminate/Http/Request), Object(Closure))
#24 C:/Users/ahsan/Desktop/chat-app-laravel-project-stages/chat-app-laravel-project-stages/vendor/laravel/framework/src/Illuminate/Foundation/Http/Middleware/TransformsRequest.php(21): Illuminate/Pipeline/Pipeline->Illuminate/Pipeline/{closure}(Object(Illuminate/Http/Request))
#25 C:/Users/ahsan/Desktop/chat-app-laravel-project-stages/chat-app-laravel-project-stages/vendor/laravel/framework/src/Illuminate/Foundation/Http/Middleware/TrimStrings.php(51): Illuminate/Foundation/Http/Middleware/TransformsRequest->handle(Object(Illuminate/Http/Request), Object(Closure))
#26 C:/Users/ahsan/Desktop/chat-app-laravel-project-stages/chat-app-laravel-project-stages/vendor/laravel/framework/src/Illuminate/Pipeline/Pipeline.php(219): Illuminate/Foundation/Http/Middleware/TrimStrings->handle(Object(Illuminate/Http/Request), Object(Closure))
#27 C:/Users/ahsan/Desktop/chat-app-laravel-project-stages/chat-app-laravel-project-stages/vendor/laravel/framework/src/Illuminate/Http/Middleware/ValidatePostSize.php(27): Illuminate/Pipeline/Pipeline->Illuminate/Pipeline/{closure}(Object(Illuminate/Http/Request))
#28 C:/Users/ahsan/Desktop/chat-app-laravel-project-stages/chat-app-laravel-project-stages/vendor/laravel/framework/src/Illuminate/Pipeline/Pipeline.php(219): Illuminate/Http/Middleware/ValidatePostSize->handle(Object(Illuminate/Http/Request), Object(Closure))
#29 C:/Users/ahsan/Desktop/chat-app-laravel-project-stages/chat-app-laravel-project-stages/vendor/laravel/framework/src/Illuminate/Foundation/Http/Middleware/PreventRequestsDuringMaintenance.php(109): Illuminate/Pipeline/Pipeline->Illuminate/Pipeline/{closure}(Object(Illuminate/Http/Request))
#30 C:/Users/ahsan/Desktop/chat-app-laravel-project-stages/chat-app-laravel-project-stages/vendor/laravel/framework/src/Illuminate/Pipeline/Pipeline.php(219): Illuminate/Foundation/Http/Middleware/PreventRequestsDuringMaintenance->handle(Object(Illuminate/Http/Request), Object(Closure))
#31 C:/Users/ahsan/Desktop/chat-app-laravel-project-stages/chat-app-laravel-project-stages/vendor/laravel/framework/src/Illuminate/Http/Middleware/HandleCors.php(74): Illuminate/Pipeline/Pipeline->Illuminate/Pipeline/{closure}(Object(Illuminate/Http/Request))
#32 C:/Users/ahsan/Desktop/chat-app-laravel-project-stages/chat-app-laravel-project-stages/vendor/laravel/framework/src/Illuminate/Pipeline/Pipeline.php(219): Illuminate/Http/Middleware/HandleCors->handle(Object(Illuminate/Http/Request), Object(Closure))
#33 C:/Users/ahsan/Desktop/chat-app-laravel-project-stages/chat-app-laravel-project-stages/vendor/laravel/framework/src/Illuminate/Http/Middleware/TrustProxies.php(58): Illuminate/Pipeline/Pipeline->Illuminate/Pipeline/{closure}(Object(Illuminate/Http/Request))
#34 C:/Users/ahsan/Desktop/chat-app-laravel-project-stages/chat-app-laravel-project-stages/vendor/laravel/framework/src/Illuminate/Pipeline/Pipeline.php(219): Illuminate/Http/Middleware/TrustProxies->handle(Object(Illuminate/Http/Request), Object(Closure))
#35 C:/Users/ahsan/Desktop/chat-app-laravel-project-stages/chat-app-laravel-project-stages/vendor/laravel/framework/src/Illuminate/Foundation/Http/Middleware/InvokeDeferredCallbacks.php(22): Illuminate/Pipeline/Pipeline->Illuminate/Pipeline/{closure}(Object(Illuminate/Http/Request))
#36 C:/Users/ahsan/Desktop/chat-app-laravel-project-stages/chat-app-laravel-project-stages/vendor/laravel/framework/src/Illuminate/Pipeline/Pipeline.php(219): Illuminate/Foundation/Http/Middleware/InvokeDeferredCallbacks->handle(Object(Illuminate/Http/Request), Object(Closure))
#37 C:/Users/ahsan/Desktop/chat-app-laravel-project-stages/chat-app-laravel-project-stages/vendor/laravel/framework/src/Illuminate/Http/Middleware/ValidatePathEncoding.php(26): Illuminate/Pipeline/Pipeline->Illuminate/Pipeline/{closure}(Object(Illuminate/Http/Request))
#38 C:/Users/ahsan/Desktop/chat-app-laravel-project-stages/chat-app-laravel-project-stages/vendor/laravel/framework/src/Illuminate/Pipeline/Pipeline.php(219): Illuminate/Http/Middleware/ValidatePathEncoding->handle(Object(Illuminate/Http/Request), Object(Closure))
#39 C:/Users/ahsan/Desktop/chat-app-laravel-project-stages/chat-app-laravel-project-stages/vendor/laravel/framework/src/Illuminate/Pipeline/Pipeline.php(137): Illuminate/Pipeline/Pipeline->Illuminate/Pipeline/{closure}(Object(Illuminate/Http/Request))
#40 C:/Users/ahsan/Desktop/chat-app-laravel-project-stages/chat-app-laravel-project-stages/vendor/laravel/framework/src/Illuminate/Foundation/Http/Kernel.php(175): Illuminate/Pipeline/Pipeline->then(Object(Closure))
#41 C:/Users/ahsan/Desktop/chat-app-laravel-project-stages/chat-app-laravel-project-stages/vendor/laravel/framework/src/Illuminate/Foundation/Http/Kernel.php(144): Illuminate/Foundation/Http/Kernel->sendRequestThroughRouter(Object(Illuminate/Http/Request))
#42 C:/Users/ahsan/Desktop/chat-app-laravel-project-stages/chat-app-laravel-project-stages/vendor/laravel/framework/src/Illuminate/Foundation/Application.php(1220): Illuminate/Foundation/Http/Kernel->handle(Object(Illuminate/Http/Request))
#43 C:/Users/ahsan/Desktop/chat-app-laravel-project-stages/chat-app-laravel-project-stages/public/index.php(20): Illuminate/Foundation/Application->handleRequest(Object(Illuminate/Http/Request))
#44 C:/Users/ahsan/Desktop/chat-app-laravel-project-stages/chat-app-laravel-project-stages/vendor/laravel/framework/src/Illuminate/Foundation/resources/server.php(23): require_once('C://Users//ahsan//...')
#45 {main}
"} 
[2026-03-04 11:08:24] local.ERROR: Attempt to read property "_id" on null {"exception":"[object] (ErrorException(code: 0): Attempt to read property \"_id\" on null at C:/Users/ahsan/Desktop/chat-app-laravel-project-stages/chat-app-laravel-project-stages/app/Http/Middleware/Team/CheckWorkspaceCreatorTeamMiddleware.php:27)
[stacktrace]
#0 C:/Users/ahsan/Desktop/chat-app-laravel-project-stages/chat-app-laravel-project-stages/vendor/laravel/framework/src/Illuminate/Foundation/Bootstrap/HandleExceptions.php(258): Illuminate/Foundation/Bootstrap/HandleExceptions->handleError(2, 'Attempt to read...', 'C://Users//ahsan//...', 27)
#1 C:/Users/ahsan/Desktop/chat-app-laravel-project-stages/chat-app-laravel-project-stages/app/Http/Middleware/Team/CheckWorkspaceCreatorTeamMiddleware.php(27): Illuminate/Foundation/Bootstrap/HandleExceptions->Illuminate/Foundation/Bootstrap/{closure}(2, 'Attempt to read...', 'C://Users//ahsan//...', 27)
#2 C:/Users/ahsan/Desktop/chat-app-laravel-project-stages/chat-app-laravel-project-stages/vendor/laravel/framework/src/Illuminate/Pipeline/Pipeline.php(219): App/Http/Middleware/Team/CheckWorkspaceCreatorTeamMiddleware->handle(Object(Illuminate/Http/Request), Object(Closure))
#3 C:/Users/ahsan/Desktop/chat-app-laravel-project-stages/chat-app-laravel-project-stages/app/Http/Middleware/Team/CheckUniqueTeamNameMiddleware.php(28): Illuminate/Pipeline/Pipeline->Illuminate/Pipeline/{closure}(Object(Illuminate/Http/Request))
#4 C:/Users/ahsan/Desktop/chat-app-laravel-project-stages/chat-app-laravel-project-stages/vendor/laravel/framework/src/Illuminate/Pipeline/Pipeline.php(219): App/Http/Middleware/Team/CheckUniqueTeamNameMiddleware->handle(Object(Illuminate/Http/Request), Object(Closure))
#5 C:/Users/ahsan/Desktop/chat-app-laravel-project-stages/chat-app-laravel-project-stages/app/Http/Middleware/CheckValidationMiddleware.php(85): Illuminate/Pipeline/Pipeline->Illuminate/Pipeline/{closure}(Object(Illuminate/Http/Request))
#6 C:/Users/ahsan/Desktop/chat-app-laravel-project-stages/chat-app-laravel-project-stages/vendor/laravel/framework/src/Illuminate/Pipeline/Pipeline.php(219): App/Http/Middleware/CheckValidationMiddleware->handle(Object(Illuminate/Http/Request), Object(Closure), 'CreateTeamReque...')
#7 C:/Users/ahsan/Desktop/chat-app-laravel-project-stages/chat-app-laravel-project-stages/app/Http/Middleware/auth/CheckActiveMiddleware.php(32): Illuminate/Pipeline/Pipeline->Illuminate/Pipeline/{closure}(Object(Illuminate/Http/Request))
#8 C:/Users/ahsan/Desktop/chat-app-laravel-project-stages/chat-app-laravel-project-stages/vendor/laravel/framework/src/Illuminate/Pipeline/Pipeline.php(219): App/Http/Middleware/auth/CheckActiveMiddleware->handle(Object(Illuminate/Http/Request), Object(Closure))
#9 C:/Users/ahsan/Desktop/chat-app-laravel-project-stages/chat-app-laravel-project-stages/app/Http/Middleware/auth/CheckTokenMiddleware.php(102): Illuminate/Pipeline/Pipeline->Illuminate/Pipeline/{closure}(Object(Illuminate/Http/Request))
#10 C:/Users/ahsan/Desktop/chat-app-laravel-project-stages/chat-app-laravel-project-stages/vendor/laravel/framework/src/Illuminate/Pipeline/Pipeline.php(219): App/Http/Middleware/auth/CheckTokenMiddleware->handle(Object(Illuminate/Http/Request), Object(Closure), 'login_token')
#11 C:/Users/ahsan/Desktop/chat-app-laravel-project-stages/chat-app-laravel-project-stages/vendor/laravel/framework/src/Illuminate/Routing/Middleware/SubstituteBindings.php(50): Illuminate/Pipeline/Pipeline->Illuminate/Pipeline/{closure}(Object(Illuminate/Http/Request))
#12 C:/Users/ahsan/Desktop/chat-app-laravel-project-stages/chat-app-laravel-project-stages/vendor/laravel/framework/src/Illuminate/Pipeline/Pipeline.php(219): Illuminate/Routing/Middleware/SubstituteBindings->handle(Object(Illuminate/Http/Request), Object(Closure))
#13 C:/Users/ahsan/Desktop/chat-app-laravel-project-stages/chat-app-laravel-project-stages/vendor/laravel/framework/src/Illuminate/Pipeline/Pipeline.php(137): Illuminate/Pipeline/Pipeline->Illuminate/Pipeline/{closure}(Object(Illuminate/Http/Request))
#14 C:/Users/ahsan/Desktop/chat-app-laravel-project-stages/chat-app-laravel-project-stages/vendor/laravel/framework/src/Illuminate/Routing/Router.php(821): Illuminate/Pipeline/Pipeline->then(Object(Closure))
#15 C:/Users/ahsan/Desktop/chat-app-laravel-project-stages/chat-app-laravel-project-stages/vendor/laravel/framework/src/Illuminate/Routing/Router.php(800): Illuminate/Routing/Router->runRouteWithinStack(Object(Illuminate/Routing/Route), Object(Illuminate/Http/Request))
#16 C:/Users/ahsan/Desktop/chat-app-laravel-project-stages/chat-app-laravel-project-stages/vendor/laravel/framework/src/Illuminate/Routing/Router.php(764): Illuminate/Routing/Router->runRoute(Object(Illuminate/Http/Request), Object(Illuminate/Routing/Route))
#17 C:/Users/ahsan/Desktop/chat-app-laravel-project-stages/chat-app-laravel-project-stages/vendor/laravel/framework/src/Illuminate/Routing/Router.php(753): Illuminate/Routing/Router->dispatchToRoute(Object(Illuminate/Http/Request))
#18 C:/Users/ahsan/Desktop/chat-app-laravel-project-stages/chat-app-laravel-project-stages/vendor/laravel/framework/src/Illuminate/Foundation/Http/Kernel.php(200): Illuminate/Routing/Router->dispatch(Object(Illuminate/Http/Request))
#19 C:/Users/ahsan/Desktop/chat-app-laravel-project-stages/chat-app-laravel-project-stages/vendor/laravel/framework/src/Illuminate/Pipeline/Pipeline.php(180): Illuminate/Foundation/Http/Kernel->Illuminate/Foundation/Http/{closure}(Object(Illuminate/Http/Request))
#20 C:/Users/ahsan/Desktop/chat-app-laravel-project-stages/chat-app-laravel-project-stages/vendor/laravel/framework/src/Illuminate/Foundation/Http/Middleware/TransformsRequest.php(21): Illuminate/Pipeline/Pipeline->Illuminate/Pipeline/{closure}(Object(Illuminate/Http/Request))
#21 C:/Users/ahsan/Desktop/chat-app-laravel-project-stages/chat-app-laravel-project-stages/vendor/laravel/framework/src/Illuminate/Foundation/Http/Middleware/ConvertEmptyStringsToNull.php(31): Illuminate/Foundation/Http/Middleware/TransformsRequest->handle(Object(Illuminate/Http/Request), Object(Closure))
#22 C:/Users/ahsan/Desktop/chat-app-laravel-project-stages/chat-app-laravel-project-stages/vendor/laravel/framework/src/Illuminate/Pipeline/Pipeline.php(219): Illuminate/Foundation/Http/Middleware/ConvertEmptyStringsToNull->handle(Object(Illuminate/Http/Request), Object(Closure))
#23 C:/Users/ahsan/Desktop/chat-app-laravel-project-stages/chat-app-laravel-project-stages/vendor/laravel/framework/src/Illuminate/Foundation/Http/Middleware/TransformsRequest.php(21): Illuminate/Pipeline/Pipeline->Illuminate/Pipeline/{closure}(Object(Illuminate/Http/Request))
#24 C:/Users/ahsan/Desktop/chat-app-laravel-project-stages/chat-app-laravel-project-stages/vendor/laravel/framework/src/Illuminate/Foundation/Http/Middleware/TrimStrings.php(51): Illuminate/Foundation/Http/Middleware/TransformsRequest->handle(Object(Illuminate/Http/Request), Object(Closure))
#25 C:/Users/ahsan/Desktop/chat-app-laravel-project-stages/chat-app-laravel-project-stages/vendor/laravel/framework/src/Illuminate/Pipeline/Pipeline.php(219): Illuminate/Foundation/Http/Middleware/TrimStrings->handle(Object(Illuminate/Http/Request), Object(Closure))
#26 C:/Users/ahsan/Desktop/chat-app-laravel-project-stages/chat-app-laravel-project-stages/vendor/laravel/framework/src/Illuminate/Http/Middleware/ValidatePostSize.php(27): Illuminate/Pipeline/Pipeline->Illuminate/Pipeline/{closure}(Object(Illuminate/Http/Request))
#27 C:/Users/ahsan/Desktop/chat-app-laravel-project-stages/chat-app-laravel-project-stages/vendor/laravel/framework/src/Illuminate/Pipeline/Pipeline.php(219): Illuminate/Http/Middleware/ValidatePostSize->handle(Object(Illuminate/Http/Request), Object(Closure))
#28 C:/Users/ahsan/Desktop/chat-app-laravel-project-stages/chat-app-laravel-project-stages/vendor/laravel/framework/src/Illuminate/Foundation/Http/Middleware/PreventRequestsDuringMaintenance.php(109): Illuminate/Pipeline/Pipeline->Illuminate/Pipeline/{closure}(Object(Illuminate/Http/Request))
#29 C:/Users/ahsan/Desktop/chat-app-laravel-project-stages/chat-app-laravel-project-stages/vendor/laravel/framework/src/Illuminate/Pipeline/Pipeline.php(219): Illuminate/Foundation/Http/Middleware/PreventRequestsDuringMaintenance->handle(Object(Illuminate/Http/Request), Object(Closure))
#30 C:/Users/ahsan/Desktop/chat-app-laravel-project-stages/chat-app-laravel-project-stages/vendor/laravel/framework/src/Illuminate/Http/Middleware/HandleCors.php(74): Illuminate/Pipeline/Pipeline->Illuminate/Pipeline/{closure}(Object(Illuminate/Http/Request))
#31 C:/Users/ahsan/Desktop/chat-app-laravel-project-stages/chat-app-laravel-project-stages/vendor/laravel/framework/src/Illuminate/Pipeline/Pipeline.php(219): Illuminate/Http/Middleware/HandleCors->handle(Object(Illuminate/Http/Request), Object(Closure))
#32 C:/Users/ahsan/Desktop/chat-app-laravel-project-stages/chat-app-laravel-project-stages/vendor/laravel/framework/src/Illuminate/Http/Middleware/TrustProxies.php(58): Illuminate/Pipeline/Pipeline->Illuminate/Pipeline/{closure}(Object(Illuminate/Http/Request))
#33 C:/Users/ahsan/Desktop/chat-app-laravel-project-stages/chat-app-laravel-project-stages/vendor/laravel/framework/src/Illuminate/Pipeline/Pipeline.php(219): Illuminate/Http/Middleware/TrustProxies->handle(Object(Illuminate/Http/Request), Object(Closure))
#34 C:/Users/ahsan/Desktop/chat-app-laravel-project-stages/chat-app-laravel-project-stages/vendor/laravel/framework/src/Illuminate/Foundation/Http/Middleware/InvokeDeferredCallbacks.php(22): Illuminate/Pipeline/Pipeline->Illuminate/Pipeline/{closure}(Object(Illuminate/Http/Request))
#35 C:/Users/ahsan/Desktop/chat-app-laravel-project-stages/chat-app-laravel-project-stages/vendor/laravel/framework/src/Illuminate/Pipeline/Pipeline.php(219): Illuminate/Foundation/Http/Middleware/InvokeDeferredCallbacks->handle(Object(Illuminate/Http/Request), Object(Closure))
#36 C:/Users/ahsan/Desktop/chat-app-laravel-project-stages/chat-app-laravel-project-stages/vendor/laravel/framework/src/Illuminate/Http/Middleware/ValidatePathEncoding.php(26): Illuminate/Pipeline/Pipeline->Illuminate/Pipeline/{closure}(Object(Illuminate/Http/Request))
#37 C:/Users/ahsan/Desktop/chat-app-laravel-project-stages/chat-app-laravel-project-stages/vendor/laravel/framework/src/Illuminate/Pipeline/Pipeline.php(219): Illuminate/Http/Middleware/ValidatePathEncoding->handle(Object(Illuminate/Http/Request), Object(Closure))
#38 C:/Users/ahsan/Desktop/chat-app-laravel-project-stages/chat-app-laravel-project-stages/vendor/laravel/framework/src/Illuminate/Pipeline/Pipeline.php(137): Illuminate/Pipeline/Pipeline->Illuminate/Pipeline/{closure}(Object(Illuminate/Http/Request))
#39 C:/Users/ahsan/Desktop/chat-app-laravel-project-stages/chat-app-laravel-project-stages/vendor/laravel/framework/src/Illuminate/Foundation/Http/Kernel.php(175): Illuminate/Pipeline/Pipeline->then(Object(Closure))
#40 C:/Users/ahsan/Desktop/chat-app-laravel-project-stages/chat-app-laravel-project-stages/vendor/laravel/framework/src/Illuminate/Foundation/Http/Kernel.php(144): Illuminate/Foundation/Http/Kernel->sendRequestThroughRouter(Object(Illuminate/Http/Request))
#41 C:/Users/ahsan/Desktop/chat-app-laravel-project-stages/chat-app-laravel-project-stages/vendor/laravel/framework/src/Illuminate/Foundation/Application.php(1220): Illuminate/Foundation/Http/Kernel->handle(Object(Illuminate/Http/Request))
#42 C:/Users/ahsan/Desktop/chat-app-laravel-project-stages/chat-app-laravel-project-stages/public/index.php(20): Illuminate/Foundation/Application->handleRequest(Object(Illuminate/Http/Request))
#43 C:/Users/ahsan/Desktop/chat-app-laravel-project-stages/chat-app-laravel-project-stages/vendor/laravel/framework/src/Illuminate/Foundation/resources/server.php(23): require_once('C://Users//ahsan//...')
#44 {main}
"} 
[2026-03-04 11:14:13] local.ERROR: Attempt to read property "_id" on null {"exception":"[object] (ErrorException(code: 0): Attempt to read property \"_id\" on null at C:/Users/ahsan/Desktop/chat-app-laravel-project-stages/chat-app-laravel-project-stages/app/Http/Controllers/TeamController.php:19)
[stacktrace]
#0 C:/Users/ahsan/Desktop/chat-app-laravel-project-stages/chat-app-laravel-project-stages/vendor/laravel/framework/src/Illuminate/Foundation/Bootstrap/HandleExceptions.php(258): Illuminate/Foundation/Bootstrap/HandleExceptions->handleError(2, 'Attempt to read...', 'C://Users//ahsan//...', 19)
#1 C:/Users/ahsan/Desktop/chat-app-laravel-project-stages/chat-app-laravel-project-stages/app/Http/Controllers/TeamController.php(19): Illuminate/Foundation/Bootstrap/HandleExceptions->Illuminate/Foundation/Bootstrap/{closure}(2, 'Attempt to read...', 'C://Users//ahsan//...', 19)
#2 C:/Users/ahsan/Desktop/chat-app-laravel-project-stages/chat-app-laravel-project-stages/vendor/laravel/framework/src/Illuminate/Routing/Controller.php(54): App/Http/Controllers/TeamController->create(Object(Illuminate/Http/Request))
#3 C:/Users/ahsan/Desktop/chat-app-laravel-project-stages/chat-app-laravel-project-stages/vendor/laravel/framework/src/Illuminate/Routing/ControllerDispatcher.php(43): Illuminate/Routing/Controller->callAction('create', Array)
#4 C:/Users/ahsan/Desktop/chat-app-laravel-project-stages/chat-app-laravel-project-stages/vendor/laravel/framework/src/Illuminate/Routing/Route.php(265): Illuminate/Routing/ControllerDispatcher->dispatch(Object(Illuminate/Routing/Route), Object(App/Http/Controllers/TeamController), 'create')
#5 C:/Users/ahsan/Desktop/chat-app-laravel-project-stages/chat-app-laravel-project-stages/vendor/laravel/framework/src/Illuminate/Routing/Route.php(211): Illuminate/Routing/Route->runController()
#6 C:/Users/ahsan/Desktop/chat-app-laravel-project-stages/chat-app-laravel-project-stages/vendor/laravel/framework/src/Illuminate/Routing/Router.php(822): Illuminate/Routing/Route->run()
#7 C:/Users/ahsan/Desktop/chat-app-laravel-project-stages/chat-app-laravel-project-stages/vendor/laravel/framework/src/Illuminate/Pipeline/Pipeline.php(180): Illuminate/Routing/Router->Illuminate/Routing/{closure}(Object(Illuminate/Http/Request))
#8 C:/Users/ahsan/Desktop/chat-app-laravel-project-stages/chat-app-laravel-project-stages/app/Http/Middleware/Team/CheckWorkspaceCreatorTeamMiddleware.php(40): Illuminate/Pipeline/Pipeline->Illuminate/Pipeline/{closure}(Object(Illuminate/Http/Request))
#9 C:/Users/ahsan/Desktop/chat-app-laravel-project-stages/chat-app-laravel-project-stages/vendor/laravel/framework/src/Illuminate/Pipeline/Pipeline.php(219): App/Http/Middleware/Team/CheckWorkspaceCreatorTeamMiddleware->handle(Object(Illuminate/Http/Request), Object(Closure))
#10 C:/Users/ahsan/Desktop/chat-app-laravel-project-stages/chat-app-laravel-project-stages/app/Http/Middleware/Team/CheckUniqueTeamNameMiddleware.php(28): Illuminate/Pipeline/Pipeline->Illuminate/Pipeline/{closure}(Object(Illuminate/Http/Request))
#11 C:/Users/ahsan/Desktop/chat-app-laravel-project-stages/chat-app-laravel-project-stages/vendor/laravel/framework/src/Illuminate/Pipeline/Pipeline.php(219): App/Http/Middleware/Team/CheckUniqueTeamNameMiddleware->handle(Object(Illuminate/Http/Request), Object(Closure))
#12 C:/Users/ahsan/Desktop/chat-app-laravel-project-stages/chat-app-laravel-project-stages/app/Http/Middleware/CheckValidationMiddleware.php(85): Illuminate/Pipeline/Pipeline->Illuminate/Pipeline/{closure}(Object(Illuminate/Http/Request))
#13 C:/Users/ahsan/Desktop/chat-app-laravel-project-stages/chat-app-laravel-project-stages/vendor/laravel/framework/src/Illuminate/Pipeline/Pipeline.php(219): App/Http/Middleware/CheckValidationMiddleware->handle(Object(Illuminate/Http/Request), Object(Closure), 'CreateTeamReque...')
#14 C:/Users/ahsan/Desktop/chat-app-laravel-project-stages/chat-app-laravel-project-stages/app/Http/Middleware/auth/CheckActiveMiddleware.php(32): Illuminate/Pipeline/Pipeline->Illuminate/Pipeline/{closure}(Object(Illuminate/Http/Request))
#15 C:/Users/ahsan/Desktop/chat-app-laravel-project-stages/chat-app-laravel-project-stages/vendor/laravel/framework/src/Illuminate/Pipeline/Pipeline.php(219): App/Http/Middleware/auth/CheckActiveMiddleware->handle(Object(Illuminate/Http/Request), Object(Closure))
#16 C:/Users/ahsan/Desktop/chat-app-laravel-project-stages/chat-app-laravel-project-stages/app/Http/Middleware/auth/CheckTokenMiddleware.php(102): Illuminate/Pipeline/Pipeline->Illuminate/Pipeline/{closure}(Object(Illuminate/Http/Request))
#17 C:/Users/ahsan/Desktop/chat-app-laravel-project-stages/chat-app-laravel-project-stages/vendor/laravel/framework/src/Illuminate/Pipeline/Pipeline.php(219): App/Http/Middleware/auth/CheckTokenMiddleware->handle(Object(Illuminate/Http/Request), Object(Closure), 'login_token')
#18 C:/Users/ahsan/Desktop/chat-app-laravel-project-stages/chat-app-laravel-project-stages/vendor/laravel/framework/src/Illuminate/Routing/Middleware/SubstituteBindings.php(50): Illuminate/Pipeline/Pipeline->Illuminate/Pipeline/{closure}(Object(Illuminate/Http/Request))
#19 C:/Users/ahsan/Desktop/chat-app-laravel-project-stages/chat-app-laravel-project-stages/vendor/laravel/framework/src/Illuminate/Pipeline/Pipeline.php(219): Illuminate/Routing/Middleware/SubstituteBindings->handle(Object(Illuminate/Http/Request), Object(Closure))
#20 C:/Users/ahsan/Desktop/chat-app-laravel-project-stages/chat-app-laravel-project-stages/vendor/laravel/framework/src/Illuminate/Pipeline/Pipeline.php(137): Illuminate/Pipeline/Pipeline->Illuminate/Pipeline/{closure}(Object(Illuminate/Http/Request))
#21 C:/Users/ahsan/Desktop/chat-app-laravel-project-stages/chat-app-laravel-project-stages/vendor/laravel/framework/src/Illuminate/Routing/Router.php(821): Illuminate/Pipeline/Pipeline->then(Object(Closure))
#22 C:/Users/ahsan/Desktop/chat-app-laravel-project-stages/chat-app-laravel-project-stages/vendor/laravel/framework/src/Illuminate/Routing/Router.php(800): Illuminate/Routing/Router->runRouteWithinStack(Object(Illuminate/Routing/Route), Object(Illuminate/Http/Request))
#23 C:/Users/ahsan/Desktop/chat-app-laravel-project-stages/chat-app-laravel-project-stages/vendor/laravel/framework/src/Illuminate/Routing/Router.php(764): Illuminate/Routing/Router->runRoute(Object(Illuminate/Http/Request), Object(Illuminate/Routing/Route))
#24 C:/Users/ahsan/Desktop/chat-app-laravel-project-stages/chat-app-laravel-project-stages/vendor/laravel/framework/src/Illuminate/Routing/Router.php(753): Illuminate/Routing/Router->dispatchToRoute(Object(Illuminate/Http/Request))
#25 C:/Users/ahsan/Desktop/chat-app-laravel-project-stages/chat-app-laravel-project-stages/vendor/laravel/framework/src/Illuminate/Foundation/Http/Kernel.php(200): Illuminate/Routing/Router->dispatch(Object(Illuminate/Http/Request))
#26 C:/Users/ahsan/Desktop/chat-app-laravel-project-stages/chat-app-laravel-project-stages/vendor/laravel/framework/src/Illuminate/Pipeline/Pipeline.php(180): Illuminate/Foundation/Http/Kernel->Illuminate/Foundation/Http/{closure}(Object(Illuminate/Http/Request))
#27 C:/Users/ahsan/Desktop/chat-app-laravel-project-stages/chat-app-laravel-project-stages/vendor/laravel/framework/src/Illuminate/Foundation/Http/Middleware/TransformsRequest.php(21): Illuminate/Pipeline/Pipeline->Illuminate/Pipeline/{closure}(Object(Illuminate/Http/Request))
#28 C:/Users/ahsan/Desktop/chat-app-laravel-project-stages/chat-app-laravel-project-stages/vendor/laravel/framework/src/Illuminate/Foundation/Http/Middleware/ConvertEmptyStringsToNull.php(31): Illuminate/Foundation/Http/Middleware/TransformsRequest->handle(Object(Illuminate/Http/Request), Object(Closure))
#29 C:/Users/ahsan/Desktop/chat-app-laravel-project-stages/chat-app-laravel-project-stages/vendor/laravel/framework/src/Illuminate/Pipeline/Pipeline.php(219): Illuminate/Foundation/Http/Middleware/ConvertEmptyStringsToNull->handle(Object(Illuminate/Http/Request), Object(Closure))
#30 C:/Users/ahsan/Desktop/chat-app-laravel-project-stages/chat-app-laravel-project-stages/vendor/laravel/framework/src/Illuminate/Foundation/Http/Middleware/TransformsRequest.php(21): Illuminate/Pipeline/Pipeline->Illuminate/Pipeline/{closure}(Object(Illuminate/Http/Request))
#31 C:/Users/ahsan/Desktop/chat-app-laravel-project-stages/chat-app-laravel-project-stages/vendor/laravel/framework/src/Illuminate/Foundation/Http/Middleware/TrimStrings.php(51): Illuminate/Foundation/Http/Middleware/TransformsRequest->handle(Object(Illuminate/Http/Request), Object(Closure))
#32 C:/Users/ahsan/Desktop/chat-app-laravel-project-stages/chat-app-laravel-project-stages/vendor/laravel/framework/src/Illuminate/Pipeline/Pipeline.php(219): Illuminate/Foundation/Http/Middleware/TrimStrings->handle(Object(Illuminate/Http/Request), Object(Closure))
#33 C:/Users/ahsan/Desktop/chat-app-laravel-project-stages/chat-app-laravel-project-stages/vendor/laravel/framework/src/Illuminate/Http/Middleware/ValidatePostSize.php(27): Illuminate/Pipeline/Pipeline->Illuminate/Pipeline/{closure}(Object(Illuminate/Http/Request))
#34 C:/Users/ahsan/Desktop/chat-app-laravel-project-stages/chat-app-laravel-project-stages/vendor/laravel/framework/src/Illuminate/Pipeline/Pipeline.php(219): Illuminate/Http/Middleware/ValidatePostSize->handle(Object(Illuminate/Http/Request), Object(Closure))
#35 C:/Users/ahsan/Desktop/chat-app-laravel-project-stages/chat-app-laravel-project-stages/vendor/laravel/framework/src/Illuminate/Foundation/Http/Middleware/PreventRequestsDuringMaintenance.php(109): Illuminate/Pipeline/Pipeline->Illuminate/Pipeline/{closure}(Object(Illuminate/Http/Request))
#36 C:/Users/ahsan/Desktop/chat-app-laravel-project-stages/chat-app-laravel-project-stages/vendor/laravel/framework/src/Illuminate/Pipeline/Pipeline.php(219): Illuminate/Foundation/Http/Middleware/PreventRequestsDuringMaintenance->handle(Object(Illuminate/Http/Request), Object(Closure))
#37 C:/Users/ahsan/Desktop/chat-app-laravel-project-stages/chat-app-laravel-project-stages/vendor/laravel/framework/src/Illuminate/Http/Middleware/HandleCors.php(74): Illuminate/Pipeline/Pipeline->Illuminate/Pipeline/{closure}(Object(Illuminate/Http/Request))
#38 C:/Users/ahsan/Desktop/chat-app-laravel-project-stages/chat-app-laravel-project-stages/vendor/laravel/framework/src/Illuminate/Pipeline/Pipeline.php(219): Illuminate/Http/Middleware/HandleCors->handle(Object(Illuminate/Http/Request), Object(Closure))
#39 C:/Users/ahsan/Desktop/chat-app-laravel-project-stages/chat-app-laravel-project-stages/vendor/laravel/framework/src/Illuminate/Http/Middleware/TrustProxies.php(58): Illuminate/Pipeline/Pipeline->Illuminate/Pipeline/{closure}(Object(Illuminate/Http/Request))
#40 C:/Users/ahsan/Desktop/chat-app-laravel-project-stages/chat-app-laravel-project-stages/vendor/laravel/framework/src/Illuminate/Pipeline/Pipeline.php(219): Illuminate/Http/Middleware/TrustProxies->handle(Object(Illuminate/Http/Request), Object(Closure))
#41 C:/Users/ahsan/Desktop/chat-app-laravel-project-stages/chat-app-laravel-project-stages/vendor/laravel/framework/src/Illuminate/Foundation/Http/Middleware/InvokeDeferredCallbacks.php(22): Illuminate/Pipeline/Pipeline->Illuminate/Pipeline/{closure}(Object(Illuminate/Http/Request))
#42 C:/Users/ahsan/Desktop/chat-app-laravel-project-stages/chat-app-laravel-project-stages/vendor/laravel/framework/src/Illuminate/Pipeline/Pipeline.php(219): Illuminate/Foundation/Http/Middleware/InvokeDeferredCallbacks->handle(Object(Illuminate/Http/Request), Object(Closure))
#43 C:/Users/ahsan/Desktop/chat-app-laravel-project-stages/chat-app-laravel-project-stages/vendor/laravel/framework/src/Illuminate/Http/Middleware/ValidatePathEncoding.php(26): Illuminate/Pipeline/Pipeline->Illuminate/Pipeline/{closure}(Object(Illuminate/Http/Request))
#44 C:/Users/ahsan/Desktop/chat-app-laravel-project-stages/chat-app-laravel-project-stages/vendor/laravel/framework/src/Illuminate/Pipeline/Pipeline.php(219): Illuminate/Http/Middleware/ValidatePathEncoding->handle(Object(Illuminate/Http/Request), Object(Closure))
#45 C:/Users/ahsan/Desktop/chat-app-laravel-project-stages/chat-app-laravel-project-stages/vendor/laravel/framework/src/Illuminate/Pipeline/Pipeline.php(137): Illuminate/Pipeline/Pipeline->Illuminate/Pipeline/{closure}(Object(Illuminate/Http/Request))
#46 C:/Users/ahsan/Desktop/chat-app-laravel-project-stages/chat-app-laravel-project-stages/vendor/laravel/framework/src/Illuminate/Foundation/Http/Kernel.php(175): Illuminate/Pipeline/Pipeline->then(Object(Closure))
#47 C:/Users/ahsan/Desktop/chat-app-laravel-project-stages/chat-app-laravel-project-stages/vendor/laravel/framework/src/Illuminate/Foundation/Http/Kernel.php(144): Illuminate/Foundation/Http/Kernel->sendRequestThroughRouter(Object(Illuminate/Http/Request))
#48 C:/Users/ahsan/Desktop/chat-app-laravel-project-stages/chat-app-laravel-project-stages/vendor/laravel/framework/src/Illuminate/Foundation/Application.php(1220): Illuminate/Foundation/Http/Kernel->handle(Object(Illuminate/Http/Request))
#49 C:/Users/ahsan/Desktop/chat-app-laravel-project-stages/chat-app-laravel-project-stages/public/index.php(20): Illuminate/Foundation/Application->handleRequest(Object(Illuminate/Http/Request))
#50 C:/Users/ahsan/Desktop/chat-app-laravel-project-stages/chat-app-laravel-project-stages/vendor/laravel/framework/src/Illuminate/Foundation/resources/server.php(23): require_once('C://Users//ahsan//...')
#51 {main}
"} 
[2026-03-05 05:39:18] local.ERROR: in_array(): Argument #2 ($haystack) must be of type array, Illuminate\Database\Eloquent\Collection given {"exception":"[object] (TypeError(code: 0): in_array(): Argument #2 ($haystack) must be of type array, Illuminate\\Database\\Eloquent\\Collection given at C:/Users/ahsan/Desktop/chat-app-laravel-project-stages/chat-app-laravel-project-stages/app/Http/Middleware/Team/CheckWorkspaceMemberMiddleware.php:36)
[stacktrace]
#0 C:/Users/ahsan/Desktop/chat-app-laravel-project-stages/chat-app-laravel-project-stages/app/Http/Middleware/Team/CheckWorkspaceMemberMiddleware.php(36): in_array('69a90cccc9e489c...', Object(Illuminate/Database/Eloquent/Collection))
#1 C:/Users/ahsan/Desktop/chat-app-laravel-project-stages/chat-app-laravel-project-stages/vendor/laravel/framework/src/Illuminate/Pipeline/Pipeline.php(219): App/Http/Middleware/Team/CheckWorkspaceMemberMiddleware->handle(Object(Illuminate/Http/Request), Object(Closure))
#2 C:/Users/ahsan/Desktop/chat-app-laravel-project-stages/chat-app-laravel-project-stages/app/Http/Middleware/CheckValidationMiddleware.php(85): Illuminate/Pipeline/Pipeline->Illuminate/Pipeline/{closure}(Object(Illuminate/Http/Request))
#3 C:/Users/ahsan/Desktop/chat-app-laravel-project-stages/chat-app-laravel-project-stages/vendor/laravel/framework/src/Illuminate/Pipeline/Pipeline.php(219): App/Http/Middleware/CheckValidationMiddleware->handle(Object(Illuminate/Http/Request), Object(Closure), 'AddTeamMemberRe...')
#4 C:/Users/ahsan/Desktop/chat-app-laravel-project-stages/chat-app-laravel-project-stages/app/Http/Middleware/Team/CheckWorkspaceCreatorTeamMiddleware.php(40): Illuminate/Pipeline/Pipeline->Illuminate/Pipeline/{closure}(Object(Illuminate/Http/Request))
#5 C:/Users/ahsan/Desktop/chat-app-laravel-project-stages/chat-app-laravel-project-stages/vendor/laravel/framework/src/Illuminate/Pipeline/Pipeline.php(219): App/Http/Middleware/Team/CheckWorkspaceCreatorTeamMiddleware->handle(Object(Illuminate/Http/Request), Object(Closure))
#6 C:/Users/ahsan/Desktop/chat-app-laravel-project-stages/chat-app-laravel-project-stages/app/Http/Middleware/Team/CheckTeamExistsMiddleware.php(28): Illuminate/Pipeline/Pipeline->Illuminate/Pipeline/{closure}(Object(Illuminate/Http/Request))
#7 C:/Users/ahsan/Desktop/chat-app-laravel-project-stages/chat-app-laravel-project-stages/vendor/laravel/framework/src/Illuminate/Pipeline/Pipeline.php(219): App/Http/Middleware/Team/CheckTeamExistsMiddleware->handle(Object(Illuminate/Http/Request), Object(Closure))
#8 C:/Users/ahsan/Desktop/chat-app-laravel-project-stages/chat-app-laravel-project-stages/app/Http/Middleware/auth/CheckActiveMiddleware.php(32): Illuminate/Pipeline/Pipeline->Illuminate/Pipeline/{closure}(Object(Illuminate/Http/Request))
#9 C:/Users/ahsan/Desktop/chat-app-laravel-project-stages/chat-app-laravel-project-stages/vendor/laravel/framework/src/Illuminate/Pipeline/Pipeline.php(219): App/Http/Middleware/auth/CheckActiveMiddleware->handle(Object(Illuminate/Http/Request), Object(Closure))
#10 C:/Users/ahsan/Desktop/chat-app-laravel-project-stages/chat-app-laravel-project-stages/app/Http/Middleware/auth/CheckTokenMiddleware.php(102): Illuminate/Pipeline/Pipeline->Illuminate/Pipeline/{closure}(Object(Illuminate/Http/Request))
#11 C:/Users/ahsan/Desktop/chat-app-laravel-project-stages/chat-app-laravel-project-stages/vendor/laravel/framework/src/Illuminate/Pipeline/Pipeline.php(219): App/Http/Middleware/auth/CheckTokenMiddleware->handle(Object(Illuminate/Http/Request), Object(Closure), 'login_token')
#12 C:/Users/ahsan/Desktop/chat-app-laravel-project-stages/chat-app-laravel-project-stages/vendor/laravel/framework/src/Illuminate/Routing/Middleware/SubstituteBindings.php(50): Illuminate/Pipeline/Pipeline->Illuminate/Pipeline/{closure}(Object(Illuminate/Http/Request))
#13 C:/Users/ahsan/Desktop/chat-app-laravel-project-stages/chat-app-laravel-project-stages/vendor/laravel/framework/src/Illuminate/Pipeline/Pipeline.php(219): Illuminate/Routing/Middleware/SubstituteBindings->handle(Object(Illuminate/Http/Request), Object(Closure))
#14 C:/Users/ahsan/Desktop/chat-app-laravel-project-stages/chat-app-laravel-project-stages/vendor/laravel/framework/src/Illuminate/Pipeline/Pipeline.php(137): Illuminate/Pipeline/Pipeline->Illuminate/Pipeline/{closure}(Object(Illuminate/Http/Request))
#15 C:/Users/ahsan/Desktop/chat-app-laravel-project-stages/chat-app-laravel-project-stages/vendor/laravel/framework/src/Illuminate/Routing/Router.php(821): Illuminate/Pipeline/Pipeline->then(Object(Closure))
#16 C:/Users/ahsan/Desktop/chat-app-laravel-project-stages/chat-app-laravel-project-stages/vendor/laravel/framework/src/Illuminate/Routing/Router.php(800): Illuminate/Routing/Router->runRouteWithinStack(Object(Illuminate/Routing/Route), Object(Illuminate/Http/Request))
#17 C:/Users/ahsan/Desktop/chat-app-laravel-project-stages/chat-app-laravel-project-stages/vendor/laravel/framework/src/Illuminate/Routing/Router.php(764): Illuminate/Routing/Router->runRoute(Object(Illuminate/Http/Request), Object(Illuminate/Routing/Route))
#18 C:/Users/ahsan/Desktop/chat-app-laravel-project-stages/chat-app-laravel-project-stages/vendor/laravel/framework/src/Illuminate/Routing/Router.php(753): Illuminate/Routing/Router->dispatchToRoute(Object(Illuminate/Http/Request))
#19 C:/Users/ahsan/Desktop/chat-app-laravel-project-stages/chat-app-laravel-project-stages/vendor/laravel/framework/src/Illuminate/Foundation/Http/Kernel.php(200): Illuminate/Routing/Router->dispatch(Object(Illuminate/Http/Request))
#20 C:/Users/ahsan/Desktop/chat-app-laravel-project-stages/chat-app-laravel-project-stages/vendor/laravel/framework/src/Illuminate/Pipeline/Pipeline.php(180): Illuminate/Foundation/Http/Kernel->Illuminate/Foundation/Http/{closure}(Object(Illuminate/Http/Request))
#21 C:/Users/ahsan/Desktop/chat-app-laravel-project-stages/chat-app-laravel-project-stages/vendor/laravel/framework/src/Illuminate/Foundation/Http/Middleware/TransformsRequest.php(21): Illuminate/Pipeline/Pipeline->Illuminate/Pipeline/{closure}(Object(Illuminate/Http/Request))
#22 C:/Users/ahsan/Desktop/chat-app-laravel-project-stages/chat-app-laravel-project-stages/vendor/laravel/framework/src/Illuminate/Foundation/Http/Middleware/ConvertEmptyStringsToNull.php(31): Illuminate/Foundation/Http/Middleware/TransformsRequest->handle(Object(Illuminate/Http/Request), Object(Closure))
#23 C:/Users/ahsan/Desktop/chat-app-laravel-project-stages/chat-app-laravel-project-stages/vendor/laravel/framework/src/Illuminate/Pipeline/Pipeline.php(219): Illuminate/Foundation/Http/Middleware/ConvertEmptyStringsToNull->handle(Object(Illuminate/Http/Request), Object(Closure))
#24 C:/Users/ahsan/Desktop/chat-app-laravel-project-stages/chat-app-laravel-project-stages/vendor/laravel/framework/src/Illuminate/Foundation/Http/Middleware/TransformsRequest.php(21): Illuminate/Pipeline/Pipeline->Illuminate/Pipeline/{closure}(Object(Illuminate/Http/Request))
#25 C:/Users/ahsan/Desktop/chat-app-laravel-project-stages/chat-app-laravel-project-stages/vendor/laravel/framework/src/Illuminate/Foundation/Http/Middleware/TrimStrings.php(51): Illuminate/Foundation/Http/Middleware/TransformsRequest->handle(Object(Illuminate/Http/Request), Object(Closure))
#26 C:/Users/ahsan/Desktop/chat-app-laravel-project-stages/chat-app-laravel-project-stages/vendor/laravel/framework/src/Illuminate/Pipeline/Pipeline.php(219): Illuminate/Foundation/Http/Middleware/TrimStrings->handle(Object(Illuminate/Http/Request), Object(Closure))
#27 C:/Users/ahsan/Desktop/chat-app-laravel-project-stages/chat-app-laravel-project-stages/vendor/laravel/framework/src/Illuminate/Http/Middleware/ValidatePostSize.php(27): Illuminate/Pipeline/Pipeline->Illuminate/Pipeline/{closure}(Object(Illuminate/Http/Request))
#28 C:/Users/ahsan/Desktop/chat-app-laravel-project-stages/chat-app-laravel-project-stages/vendor/laravel/framework/src/Illuminate/Pipeline/Pipeline.php(219): Illuminate/Http/Middleware/ValidatePostSize->handle(Object(Illuminate/Http/Request), Object(Closure))
#29 C:/Users/ahsan/Desktop/chat-app-laravel-project-stages/chat-app-laravel-project-stages/vendor/laravel/framework/src/Illuminate/Foundation/Http/Middleware/PreventRequestsDuringMaintenance.php(109): Illuminate/Pipeline/Pipeline->Illuminate/Pipeline/{closure}(Object(Illuminate/Http/Request))
#30 C:/Users/ahsan/Desktop/chat-app-laravel-project-stages/chat-app-laravel-project-stages/vendor/laravel/framework/src/Illuminate/Pipeline/Pipeline.php(219): Illuminate/Foundation/Http/Middleware/PreventRequestsDuringMaintenance->handle(Object(Illuminate/Http/Request), Object(Closure))
#31 C:/Users/ahsan/Desktop/chat-app-laravel-project-stages/chat-app-laravel-project-stages/vendor/laravel/framework/src/Illuminate/Http/Middleware/HandleCors.php(74): Illuminate/Pipeline/Pipeline->Illuminate/Pipeline/{closure}(Object(Illuminate/Http/Request))
#32 C:/Users/ahsan/Desktop/chat-app-laravel-project-stages/chat-app-laravel-project-stages/vendor/laravel/framework/src/Illuminate/Pipeline/Pipeline.php(219): Illuminate/Http/Middleware/HandleCors->handle(Object(Illuminate/Http/Request), Object(Closure))
#33 C:/Users/ahsan/Desktop/chat-app-laravel-project-stages/chat-app-laravel-project-stages/vendor/laravel/framework/src/Illuminate/Http/Middleware/TrustProxies.php(58): Illuminate/Pipeline/Pipeline->Illuminate/Pipeline/{closure}(Object(Illuminate/Http/Request))
#34 C:/Users/ahsan/Desktop/chat-app-laravel-project-stages/chat-app-laravel-project-stages/vendor/laravel/framework/src/Illuminate/Pipeline/Pipeline.php(219): Illuminate/Http/Middleware/TrustProxies->handle(Object(Illuminate/Http/Request), Object(Closure))
#35 C:/Users/ahsan/Desktop/chat-app-laravel-project-stages/chat-app-laravel-project-stages/vendor/laravel/framework/src/Illuminate/Foundation/Http/Middleware/InvokeDeferredCallbacks.php(22): Illuminate/Pipeline/Pipeline->Illuminate/Pipeline/{closure}(Object(Illuminate/Http/Request))
#36 C:/Users/ahsan/Desktop/chat-app-laravel-project-stages/chat-app-laravel-project-stages/vendor/laravel/framework/src/Illuminate/Pipeline/Pipeline.php(219): Illuminate/Foundation/Http/Middleware/InvokeDeferredCallbacks->handle(Object(Illuminate/Http/Request), Object(Closure))
#37 C:/Users/ahsan/Desktop/chat-app-laravel-project-stages/chat-app-laravel-project-stages/vendor/laravel/framework/src/Illuminate/Http/Middleware/ValidatePathEncoding.php(26): Illuminate/Pipeline/Pipeline->Illuminate/Pipeline/{closure}(Object(Illuminate/Http/Request))
#38 C:/Users/ahsan/Desktop/chat-app-laravel-project-stages/chat-app-laravel-project-stages/vendor/laravel/framework/src/Illuminate/Pipeline/Pipeline.php(219): Illuminate/Http/Middleware/ValidatePathEncoding->handle(Object(Illuminate/Http/Request), Object(Closure))
#39 C:/Users/ahsan/Desktop/chat-app-laravel-project-stages/chat-app-laravel-project-stages/vendor/laravel/framework/src/Illuminate/Pipeline/Pipeline.php(137): Illuminate/Pipeline/Pipeline->Illuminate/Pipeline/{closure}(Object(Illuminate/Http/Request))
#40 C:/Users/ahsan/Desktop/chat-app-laravel-project-stages/chat-app-laravel-project-stages/vendor/laravel/framework/src/Illuminate/Foundation/Http/Kernel.php(175): Illuminate/Pipeline/Pipeline->then(Object(Closure))
#41 C:/Users/ahsan/Desktop/chat-app-laravel-project-stages/chat-app-laravel-project-stages/vendor/laravel/framework/src/Illuminate/Foundation/Http/Kernel.php(144): Illuminate/Foundation/Http/Kernel->sendRequestThroughRouter(Object(Illuminate/Http/Request))
#42 C:/Users/ahsan/Desktop/chat-app-laravel-project-stages/chat-app-laravel-project-stages/vendor/laravel/framework/src/Illuminate/Foundation/Application.php(1220): Illuminate/Foundation/Http/Kernel->handle(Object(Illuminate/Http/Request))
#43 C:/Users/ahsan/Desktop/chat-app-laravel-project-stages/chat-app-laravel-project-stages/public/index.php(20): Illuminate/Foundation/Application->handleRequest(Object(Illuminate/Http/Request))
#44 C:/Users/ahsan/Desktop/chat-app-laravel-project-stages/chat-app-laravel-project-stages/vendor/laravel/framework/src/Illuminate/Foundation/resources/server.php(23): require_once('C://Users//ahsan//...')
#45 {main}
"} 
[2026-03-05 06:14:39] local.ERROR: Array to string conversion {"exception":"[object] (ErrorException(code: 0): Array to string conversion at C:/Users/ahsan/Desktop/chat-app-laravel-project-stages/chat-app-laravel-project-stages/app/Http/Middleware/Team/CheckWorkspaceMemberMiddleware.php:38)
[stacktrace]
#0 C:/Users/ahsan/Desktop/chat-app-laravel-project-stages/chat-app-laravel-project-stages/vendor/laravel/framework/src/Illuminate/Foundation/Bootstrap/HandleExceptions.php(258): Illuminate/Foundation/Bootstrap/HandleExceptions->handleError(2, 'Array to string...', 'C://Users//ahsan//...', 38)
#1 [internal function]: Illuminate/Foundation/Bootstrap/HandleExceptions->Illuminate/Foundation/Bootstrap/{closure}(2, 'Array to string...', 'C://Users//ahsan//...', 38)
#2 [internal function]: strval(Array)
#3 C:/Users/ahsan/Desktop/chat-app-laravel-project-stages/chat-app-laravel-project-stages/app/Http/Middleware/Team/CheckWorkspaceMemberMiddleware.php(38): array_map('strval', Array)
#4 C:/Users/ahsan/Desktop/chat-app-laravel-project-stages/chat-app-laravel-project-stages/vendor/laravel/framework/src/Illuminate/Pipeline/Pipeline.php(219): App/Http/Middleware/Team/CheckWorkspaceMemberMiddleware->handle(Object(Illuminate/Http/Request), Object(Closure))
#5 C:/Users/ahsan/Desktop/chat-app-laravel-project-stages/chat-app-laravel-project-stages/app/Http/Middleware/CheckValidationMiddleware.php(85): Illuminate/Pipeline/Pipeline->Illuminate/Pipeline/{closure}(Object(Illuminate/Http/Request))
#6 C:/Users/ahsan/Desktop/chat-app-laravel-project-stages/chat-app-laravel-project-stages/vendor/laravel/framework/src/Illuminate/Pipeline/Pipeline.php(219): App/Http/Middleware/CheckValidationMiddleware->handle(Object(Illuminate/Http/Request), Object(Closure), 'AddTeamMemberRe...')
#7 C:/Users/ahsan/Desktop/chat-app-laravel-project-stages/chat-app-laravel-project-stages/app/Http/Middleware/Team/CheckWorkspaceCreatorTeamMiddleware.php(40): Illuminate/Pipeline/Pipeline->Illuminate/Pipeline/{closure}(Object(Illuminate/Http/Request))
#8 C:/Users/ahsan/Desktop/chat-app-laravel-project-stages/chat-app-laravel-project-stages/vendor/laravel/framework/src/Illuminate/Pipeline/Pipeline.php(219): App/Http/Middleware/Team/CheckWorkspaceCreatorTeamMiddleware->handle(Object(Illuminate/Http/Request), Object(Closure))
#9 C:/Users/ahsan/Desktop/chat-app-laravel-project-stages/chat-app-laravel-project-stages/app/Http/Middleware/Team/CheckTeamExistsMiddleware.php(28): Illuminate/Pipeline/Pipeline->Illuminate/Pipeline/{closure}(Object(Illuminate/Http/Request))
#10 C:/Users/ahsan/Desktop/chat-app-laravel-project-stages/chat-app-laravel-project-stages/vendor/laravel/framework/src/Illuminate/Pipeline/Pipeline.php(219): App/Http/Middleware/Team/CheckTeamExistsMiddleware->handle(Object(Illuminate/Http/Request), Object(Closure))
#11 C:/Users/ahsan/Desktop/chat-app-laravel-project-stages/chat-app-laravel-project-stages/app/Http/Middleware/auth/CheckActiveMiddleware.php(32): Illuminate/Pipeline/Pipeline->Illuminate/Pipeline/{closure}(Object(Illuminate/Http/Request))
#12 C:/Users/ahsan/Desktop/chat-app-laravel-project-stages/chat-app-laravel-project-stages/vendor/laravel/framework/src/Illuminate/Pipeline/Pipeline.php(219): App/Http/Middleware/auth/CheckActiveMiddleware->handle(Object(Illuminate/Http/Request), Object(Closure))
#13 C:/Users/ahsan/Desktop/chat-app-laravel-project-stages/chat-app-laravel-project-stages/app/Http/Middleware/auth/CheckTokenMiddleware.php(102): Illuminate/Pipeline/Pipeline->Illuminate/Pipeline/{closure}(Object(Illuminate/Http/Request))
#14 C:/Users/ahsan/Desktop/chat-app-laravel-project-stages/chat-app-laravel-project-stages/vendor/laravel/framework/src/Illuminate/Pipeline/Pipeline.php(219): App/Http/Middleware/auth/CheckTokenMiddleware->handle(Object(Illuminate/Http/Request), Object(Closure), 'login_token')
#15 C:/Users/ahsan/Desktop/chat-app-laravel-project-stages/chat-app-laravel-project-stages/vendor/laravel/framework/src/Illuminate/Routing/Middleware/SubstituteBindings.php(50): Illuminate/Pipeline/Pipeline->Illuminate/Pipeline/{closure}(Object(Illuminate/Http/Request))
#16 C:/Users/ahsan/Desktop/chat-app-laravel-project-stages/chat-app-laravel-project-stages/vendor/laravel/framework/src/Illuminate/Pipeline/Pipeline.php(219): Illuminate/Routing/Middleware/SubstituteBindings->handle(Object(Illuminate/Http/Request), Object(Closure))
#17 C:/Users/ahsan/Desktop/chat-app-laravel-project-stages/chat-app-laravel-project-stages/vendor/laravel/framework/src/Illuminate/Pipeline/Pipeline.php(137): Illuminate/Pipeline/Pipeline->Illuminate/Pipeline/{closure}(Object(Illuminate/Http/Request))
#18 C:/Users/ahsan/Desktop/chat-app-laravel-project-stages/chat-app-laravel-project-stages/vendor/laravel/framework/src/Illuminate/Routing/Router.php(821): Illuminate/Pipeline/Pipeline->then(Object(Closure))
#19 C:/Users/ahsan/Desktop/chat-app-laravel-project-stages/chat-app-laravel-project-stages/vendor/laravel/framework/src/Illuminate/Routing/Router.php(800): Illuminate/Routing/Router->runRouteWithinStack(Object(Illuminate/Routing/Route), Object(Illuminate/Http/Request))
#20 C:/Users/ahsan/Desktop/chat-app-laravel-project-stages/chat-app-laravel-project-stages/vendor/laravel/framework/src/Illuminate/Routing/Router.php(764): Illuminate/Routing/Router->runRoute(Object(Illuminate/Http/Request), Object(Illuminate/Routing/Route))
#21 C:/Users/ahsan/Desktop/chat-app-laravel-project-stages/chat-app-laravel-project-stages/vendor/laravel/framework/src/Illuminate/Routing/Router.php(753): Illuminate/Routing/Router->dispatchToRoute(Object(Illuminate/Http/Request))
#22 C:/Users/ahsan/Desktop/chat-app-laravel-project-stages/chat-app-laravel-project-stages/vendor/laravel/framework/src/Illuminate/Foundation/Http/Kernel.php(200): Illuminate/Routing/Router->dispatch(Object(Illuminate/Http/Request))
#23 C:/Users/ahsan/Desktop/chat-app-laravel-project-stages/chat-app-laravel-project-stages/vendor/laravel/framework/src/Illuminate/Pipeline/Pipeline.php(180): Illuminate/Foundation/Http/Kernel->Illuminate/Foundation/Http/{closure}(Object(Illuminate/Http/Request))
#24 C:/Users/ahsan/Desktop/chat-app-laravel-project-stages/chat-app-laravel-project-stages/vendor/laravel/framework/src/Illuminate/Foundation/Http/Middleware/TransformsRequest.php(21): Illuminate/Pipeline/Pipeline->Illuminate/Pipeline/{closure}(Object(Illuminate/Http/Request))
#25 C:/Users/ahsan/Desktop/chat-app-laravel-project-stages/chat-app-laravel-project-stages/vendor/laravel/framework/src/Illuminate/Foundation/Http/Middleware/ConvertEmptyStringsToNull.php(31): Illuminate/Foundation/Http/Middleware/TransformsRequest->handle(Object(Illuminate/Http/Request), Object(Closure))
#26 C:/Users/ahsan/Desktop/chat-app-laravel-project-stages/chat-app-laravel-project-stages/vendor/laravel/framework/src/Illuminate/Pipeline/Pipeline.php(219): Illuminate/Foundation/Http/Middleware/ConvertEmptyStringsToNull->handle(Object(Illuminate/Http/Request), Object(Closure))
#27 C:/Users/ahsan/Desktop/chat-app-laravel-project-stages/chat-app-laravel-project-stages/vendor/laravel/framework/src/Illuminate/Foundation/Http/Middleware/TransformsRequest.php(21): Illuminate/Pipeline/Pipeline->Illuminate/Pipeline/{closure}(Object(Illuminate/Http/Request))
#28 C:/Users/ahsan/Desktop/chat-app-laravel-project-stages/chat-app-laravel-project-stages/vendor/laravel/framework/src/Illuminate/Foundation/Http/Middleware/TrimStrings.php(51): Illuminate/Foundation/Http/Middleware/TransformsRequest->handle(Object(Illuminate/Http/Request), Object(Closure))
#29 C:/Users/ahsan/Desktop/chat-app-laravel-project-stages/chat-app-laravel-project-stages/vendor/laravel/framework/src/Illuminate/Pipeline/Pipeline.php(219): Illuminate/Foundation/Http/Middleware/TrimStrings->handle(Object(Illuminate/Http/Request), Object(Closure))
#30 C:/Users/ahsan/Desktop/chat-app-laravel-project-stages/chat-app-laravel-project-stages/vendor/laravel/framework/src/Illuminate/Http/Middleware/ValidatePostSize.php(27): Illuminate/Pipeline/Pipeline->Illuminate/Pipeline/{closure}(Object(Illuminate/Http/Request))
#31 C:/Users/ahsan/Desktop/chat-app-laravel-project-stages/chat-app-laravel-project-stages/vendor/laravel/framework/src/Illuminate/Pipeline/Pipeline.php(219): Illuminate/Http/Middleware/ValidatePostSize->handle(Object(Illuminate/Http/Request), Object(Closure))
#32 C:/Users/ahsan/Desktop/chat-app-laravel-project-stages/chat-app-laravel-project-stages/vendor/laravel/framework/src/Illuminate/Foundation/Http/Middleware/PreventRequestsDuringMaintenance.php(109): Illuminate/Pipeline/Pipeline->Illuminate/Pipeline/{closure}(Object(Illuminate/Http/Request))
#33 C:/Users/ahsan/Desktop/chat-app-laravel-project-stages/chat-app-laravel-project-stages/vendor/laravel/framework/src/Illuminate/Pipeline/Pipeline.php(219): Illuminate/Foundation/Http/Middleware/PreventRequestsDuringMaintenance->handle(Object(Illuminate/Http/Request), Object(Closure))
#34 C:/Users/ahsan/Desktop/chat-app-laravel-project-stages/chat-app-laravel-project-stages/vendor/laravel/framework/src/Illuminate/Http/Middleware/HandleCors.php(74): Illuminate/Pipeline/Pipeline->Illuminate/Pipeline/{closure}(Object(Illuminate/Http/Request))
#35 C:/Users/ahsan/Desktop/chat-app-laravel-project-stages/chat-app-laravel-project-stages/vendor/laravel/framework/src/Illuminate/Pipeline/Pipeline.php(219): Illuminate/Http/Middleware/HandleCors->handle(Object(Illuminate/Http/Request), Object(Closure))
#36 C:/Users/ahsan/Desktop/chat-app-laravel-project-stages/chat-app-laravel-project-stages/vendor/laravel/framework/src/Illuminate/Http/Middleware/TrustProxies.php(58): Illuminate/Pipeline/Pipeline->Illuminate/Pipeline/{closure}(Object(Illuminate/Http/Request))
#37 C:/Users/ahsan/Desktop/chat-app-laravel-project-stages/chat-app-laravel-project-stages/vendor/laravel/framework/src/Illuminate/Pipeline/Pipeline.php(219): Illuminate/Http/Middleware/TrustProxies->handle(Object(Illuminate/Http/Request), Object(Closure))
#38 C:/Users/ahsan/Desktop/chat-app-laravel-project-stages/chat-app-laravel-project-stages/vendor/laravel/framework/src/Illuminate/Foundation/Http/Middleware/InvokeDeferredCallbacks.php(22): Illuminate/Pipeline/Pipeline->Illuminate/Pipeline/{closure}(Object(Illuminate/Http/Request))
#39 C:/Users/ahsan/Desktop/chat-app-laravel-project-stages/chat-app-laravel-project-stages/vendor/laravel/framework/src/Illuminate/Pipeline/Pipeline.php(219): Illuminate/Foundation/Http/Middleware/InvokeDeferredCallbacks->handle(Object(Illuminate/Http/Request), Object(Closure))
#40 C:/Users/ahsan/Desktop/chat-app-laravel-project-stages/chat-app-laravel-project-stages/vendor/laravel/framework/src/Illuminate/Http/Middleware/ValidatePathEncoding.php(26): Illuminate/Pipeline/Pipeline->Illuminate/Pipeline/{closure}(Object(Illuminate/Http/Request))
#41 C:/Users/ahsan/Desktop/chat-app-laravel-project-stages/chat-app-laravel-project-stages/vendor/laravel/framework/src/Illuminate/Pipeline/Pipeline.php(219): Illuminate/Http/Middleware/ValidatePathEncoding->handle(Object(Illuminate/Http/Request), Object(Closure))
#42 C:/Users/ahsan/Desktop/chat-app-laravel-project-stages/chat-app-laravel-project-stages/vendor/laravel/framework/src/Illuminate/Pipeline/Pipeline.php(137): Illuminate/Pipeline/Pipeline->Illuminate/Pipeline/{closure}(Object(Illuminate/Http/Request))
#43 C:/Users/ahsan/Desktop/chat-app-laravel-project-stages/chat-app-laravel-project-stages/vendor/laravel/framework/src/Illuminate/Foundation/Http/Kernel.php(175): Illuminate/Pipeline/Pipeline->then(Object(Closure))
#44 C:/Users/ahsan/Desktop/chat-app-laravel-project-stages/chat-app-laravel-project-stages/vendor/laravel/framework/src/Illuminate/Foundation/Http/Kernel.php(144): Illuminate/Foundation/Http/Kernel->sendRequestThroughRouter(Object(Illuminate/Http/Request))
#45 C:/Users/ahsan/Desktop/chat-app-laravel-project-stages/chat-app-laravel-project-stages/vendor/laravel/framework/src/Illuminate/Foundation/Application.php(1220): Illuminate/Foundation/Http/Kernel->handle(Object(Illuminate/Http/Request))
#46 C:/Users/ahsan/Desktop/chat-app-laravel-project-stages/chat-app-laravel-project-stages/public/index.php(20): Illuminate/Foundation/Application->handleRequest(Object(Illuminate/Http/Request))
#47 C:/Users/ahsan/Desktop/chat-app-laravel-project-stages/chat-app-laravel-project-stages/vendor/laravel/framework/src/Illuminate/Foundation/resources/server.php(23): require_once('C://Users//ahsan//...')
#48 {main}
"} 
